Primary_Key,ID,Title,Type,Cabin,Price,Book,DepartureCities,DepartureAirports,BookGuide,Summary,PictureName,DateAdded
1,277d53ca-0cf8-4435-ad74-9e39ebae3155,"[BIZ CLASS] Brazil, Chile & Peru",Points,Business & First class,From 35k points,"https://www.virginatlantic.com/flight-search/book-a-flight?utm_source=ActiveCampaign&utm_medium=email&utm_content=%F0%9F%8D%BE%20%5BBIZ%20CLASS%5D%20Brazil,%20Chile%20%26%20Peru%20from%2035k%20miles%20each%20way%20(Nonstop%20-%20Was:%20$2k)&utm_campaign=LATAM%20biz%20class%20South%20America%20w%2FVirgin%20bonus","<b>Pricing via Alaska</b>



<b>Lima (LIM)</b>

Atlanta (ATL) - 35k*
Los Angeles (LAX) - 50k*
Miami (MIA) - 35k*

<b>Santiago (SCL)</b>

Los Angeles (LAX) - 50k*
Miami (MIA) - 50k*
New York (JFK) - 50k*
Orlando (MCO) - 50k*

<b>Pricing via Virgin</b>



<b>Lima (LIM)</b>

Atlanta (ATL) - 50k*
Los Angeles (LAX) - 95k*
Miami (MIA) - 50k*
New York (JFK) - 50k*


<b>São Paulo (GRU)</b>

Boston (BOS) - 95k*
Orlando (MCO) - 95k*

<b>Santiago (SCL)</b>

Los Angeles (LAX) - 95k*
Miami (MIA) - 95k*
New York (JFK) - 95k*
Orlando (MCO) - 95k*","Orlando (MCO), Miami (MIA), New York (JFK), Miami (MIA), Miami (MIA), Orlando (MCO), New York (JFK), Boston (BOS), Atlanta (ATL), Los Angeles (LAX), New York (JFK), Miami (MIA), Orlando (MCO), Los Angeles (LAX), Los Angeles (LAX), Atlanta (ATL), Los Angeles (LAX)","Search with Virgin Atlantic
 
1. Create a free account with Virgin and search on Virgin's website.
2. Select ""Flexible Dates"" and choose to show price in ""Points."" You may need to select your airports from the ""Full Airport List.""
3. Select ""Upper Class"" and the total number of passengers.
4. After searching, click ""Price Calendar"" to maximize the dates viewable.
5. Filter for ""Direct"" flights.
 
Search one-way flights to start. Once you find availability in each direction, then search & book those dates roundtrip. You'll need to search roundtrip from U.S. to Lima in order to find availability on flights from Lima back to the U.S. Read our guide. If you see Virgin's new homepage design, select the ""Reward flights"" tab to start.
 
If you’re just opening a Virgin account, it may take 24-72 hours to get verified so you can book. Call Virgin (800-862-8621) & ask if they can hold seats until then. ATL-LIM flights won't appear on Virgin's monthly calendar - use Alaska's search tool.
 
Booking with Alaska
 
1. Search and book on Alaskaair.com by selecting ""Use miles.""
2. After searching, click ""View by calendar"" to maximize the dates viewable.
3. Filter results for ""Business"" class. Alaska's calendar view may also show connecting flights on American - those don't have lie-flat seats. Click through to check if there are nonstop LATAM flights available.
4. When choosing flights, filter for ""Nonstop"" and ""LATAM.""
 
Booking with British Airways
 
1. Create a free British Airways account. You must have an account to search.
2. Log in, choose ""Business"" & the total number of travelers.
3. Search for the exact dates where you found availability via Virgin or Alaska.
 
Transfers are usually instant but in some cases there are delays. If you're just opening a new loyalty account, transfers may take longer.
 
Taxes & fees average ~$50 one-way or $120 roundtrip","Tons of availability to fly LATAM business class lie-flat and nonstop to South America! Best availability for 2+ passengers in February - March '25 (peak season). Includes Thanksgiving from ATL, MIA, & NYC to Lima, Christmas/NYE from Miami, and the new route from Orlando to Santiago this summer/fall.

Flights to Lima are flying LATAM's 767-300 which has its best 1-2-1 seating layout. Other flights are aboard a 787 Dreamliner, which has 2-2-2 seating. Pick the middle row of seats so both passengers have direct aisle access.

Fares include priority boarding, checked bags, lie-flat seats, lounge access, biz class meals, and champagne.

Book with Alaska Miles

Alaska charges 35k to 50k miles each way. This is the best deal overall but you can't book flights to GRU or from JFK to LIM using Alaska miles. You may be able to fly from your home airport with a connection in LAX if you live in a West Coast city with Alaska Airlines service. Transfer points from Bilt (usually takes 10 min).




Book with Virgin Points

Virgin charges 50k to 95k points each way. Roundtrip (& one-way) flights from the U.S. to Lima can be booked online. All other routes can be booked one-way or R/T online. You can't book one-way from Lima to the U.S. online but you can call to book those flights one-way.




Transfer points from Amex Membership Rewards, Bilt, Capital One, Chase, or Citi (usually instant). Take advantage of 30% transfer bonuses from Amex & Chase to Virgin, meaning you can book from 39k Amex MR or Chase points each way.


Book with British Airways Avios

British Airways charges 62k to 93k Avios each way on most routes (39k for MIA-LIM). All routes are bookable via BA. Transfer points to BA from Amex MR, Bilt, Capital One, Chase, or Wells Fargo (usually instant). You can also combine BA & Qatar Avios - transfer Citi points to Qatar (1-2 days).",1716568444371-unnamed.png,2024-05-25
2,b5df22be-0bc6-4d34-8ddb-dd25663d2c92,"Denver, CO",Cash,ECONOMY,Under 198$,https://www.google.com/travel/flights/search?tfs=CBwQAho5EgoyMDI0LTA2LTIxKAE6AkY5OgJHNDoCTks6AlNZagcIARIDTVNQcgwIAhIIL20vMDJjbDGQAawCGjkSCjIwMjQtMDYtMjgoAToCRjk6Akc0OgJOSzoCU1lqDAgCEggvbS8wMmNsMXIHCAESA01TUJABrAJAAUgBagQQARgAcAGCAQsI____________AYgBAZgBAQ&hl=en-US&gl=US&curr=USD&utm_source=ActiveCampaign&utm_medium=email&utm_content=%E2%9B%B0%EF%B8%8F%20Denver%2C%20CO%20under%20%24198%20%28Summer%20-%20Was%3A%20%24400%29&utm_campaign=PREMIUM%20-%20Denver%20sub-200%20%28Domestic%29,"Atlanta (ATL) - $176*
Austin (AUS) - $177*
Bakersfield (BFL) - $193
Bismarck (BIS) - $175
Boston (BOS) - $194
Calgary (YYC) - $189*
Cedar Rapids (CID) - $196
Charlotte (CLT) - $195*
Chicago (MDW) - $151*
Chicago (ORD) - $164*
Cincinnati (CVG) - $194
Cleveland (CLE) - $194
Dallas (DAL) - $157*
Dallas (DFW) - $154*
Des Moines (DSM) - $167*
Detroit (DTW) - $188*
El Paso (ELP) - $157*
Fargo (FAR) - $197
Fayetteville (XNA) - $197
Houston (HOU) - $177*
Idaho Falls (IDA) - $175
Indianapolis (IND) - $187*
Kansas City (MCI) - $157*
Knoxville (TYS) - $196
Las Vegas (LAS) - $157*
Little Rock (LIT) - $197
Long Beach (LGB) - $197*
Los Angeles (LAX) - $156*
Memphis (MEM) - $194
Milwaukee (MKE) - $187*
Minneapolis (MSP) - $98*
Minot (MOT) - $197
Missoula (MSO) - $177
Nashville (BNA) - $177*
New Orleans (MSY) - $197
Oakland (OAK) - $177*
Oklahoma City (OKC) - $157*
Omaha (OMA) - $157*
Ontario (ONT) - $187*
Pasco (PSC) - $179
Pensacola (PNS) - $194
Philadelphia (PHL) - $196*
Phoenix (PHX) - $123*
Portland (PDX) - $176*
Redmond (RDM) - $179
Rochester (ROC) - $194
Sacramento (SMF) - $177*
Salt Lake City (SLC) - $122*
San Antonio (SAT) - $177*
San Diego (SAN) - $177*
San Francisco (SFO) - $177*
Santa Ana (SNA) - $195
Sarasota (SRQ) - $194
Seattle (SEA) - $176*
Sioux Falls (FSD) - $187
South Bend (SBN) - $180
St. Louis (STL) - $177*","Atlanta (ATL), Santa Ana (SNA), Fayetteville (XNA), Missoula (MSO), Bakersfield (BFL), San Francisco (SFO), Boston (BOS), Redmond (RDM), Long Beach (LGB), Chicago (ORD), Idaho Falls (IDA), St. Louis (STL), Sacramento (SMF), San Antonio (SAT), Cleveland (CLE), Salt Lake City (SLC), Pensacola (PNS), Fargo (FAR), Sioux Falls (FSD), Omaha (OMA), Charlotte (CLT), Memphis (MEM), Cincinnati (CVG), Oakland (OAK), Oklahoma City (OKC), Knoxville (TYS), Detroit (DTW), Ontario (ONT), Bismarck (BIS), Philadelphia (PHL), San Diego (SAN), Indianapolis (IND), Minot (MOT), Austin (AUS), Calgary (YYC), Des Moines (DSM), Dallas (DFW), Portland (PDX), Little Rock (LIT), Minneapolis (MSP), Rochester (ROC), Cedar Rapids (CID), South Bend (SBN), Phoenix (PHX), Milwaukee (MKE), Houston (HOU), Sarasota (SRQ), Seattle (SEA), Pasco (PSC), Las Vegas (LAS), El Paso (ELP), Chicago (MDW), Los Angeles (LAX), New Orleans (MSY), Nashville (BNA), Kansas City (MCI), Dallas (DAL)","1. Click the Book with Google Flights button to open Google Flights. (Our how-to video)
2. Adjust the departure city to your home airport.
3. Click the dates to open the calendar view to find the cheapest dates (lowest prices in green). Availability may vary depending on your home airport.4. Follow the links in Google Flights to book directly with the airline.","Big sale to Mile High City! Best availability through summer. Nonstop from most cities. Deals work in reverse if you live in Denver.




Southwest allows two checked bags for free. There is no formal seat assignment: You'll board based on your check-in time, which starts 24 hours before departure. You can now see Southwest fares on Google Flights!




Other fares are Basic Economy and include a carry-on. We recommend upgrading to Main Cabin to get a seat assignment and the ability to cancel for a voucher.",1716561710540-unnamed.jpg,2024-05-25
3,2ef99e99-939c-44ea-aaea-6e0a9266f54d,[PRICE DROP] Costa Rica,Cash,ECONOMY,Under 299$,https://www.google.com/travel/flights/search?tfs=CBwQAho5EgoyMDI0LTA5LTEwKAE6AlNZOgJOSzoCQVZqBwgBEgNCV0lyBwgBEgNMSVJyBwgBEgNTSk-QAegCGjkSCjIwMjQtMDktMTgoAToCU1k6Ak5LOgJBVmoHCAESA0xJUmoHCAESA1NKT3IHCAESA0JXSZAB6AJAAUgBagQQARgAcAGCAQsI____________AYgBAZgBAQ&tfu=EgIIACIDCgEw&hl=en-US&curr=USD&utm_source=ActiveCampaign&utm_medium=email&utm_content=%F0%9F%94%A5%20%5BPRICE%20DROP%5D%20Costa%20Rica%20under%20%24299%20%28Peak%20Season%20-%20Was%3A%20%24700%29&utm_campaign=PREMIUM%20-%20%20Costa%20Rica%20sub%20300,"<b>L</b>
iberia (IR)
Atlanta (ATL) - $296
Austin (AUS) - $294
Baltimore (BWI) - $262
Birmingham (BHM) - $272
Charleston (CHS) - $272
Charlotte (CLT) - $280*
Columbia (CAE) - $272
Dallas (DFW) - $281*
Destin (VPS) - $270
Detroit (DTW) - $296
Fayetteville (FAY) - $292
Indianapolis (IND) - $284
Knoxville (TYS) - $292
Louisville (SDF) - $262
Minneapolis (MSP) - $293
Myrtle Beach (MYR) - $289
Nashville (BNA) - $294
Orlando (MCO) - $292
Pensacola (PNS) - $272
Phoenix (PHX) - $296
Salt Lake City (SLC) - $296
Savannah (SAV) - $272 
Tallahassee (TLH) - $272 
Toronto (YYZ) - $289*
Washington, D.C. (IAD) - $272

<b>San Jose (SJO)</b>

Atlanta (ATL) - $299
Baltimore (BWI) - $214
Charlotte (CLT) - $293*
Columbus (CMH) - $296
Dallas (DFW) - $285*
Detroit (DTW) - $299
Fort Lauderdale (FLL) - $261*
Las Vegas (LAS) - $286
Nashville (BNA) - $297
New Orleans (MSY) - $286
Raleigh (RDU) - $290
Washington, D.C. (DCA) - $216","Phoenix (PHX), Charlotte (CLT), Tallahassee (TLH), Charlotte (CLT), Savannah (SAV), Fayetteville (FAY), Toronto (YYZ), Birmingham (BHM), Pensacola (PNS), Atlanta (ATL), Atlanta (ATL), Dallas (DFW), Detroit (DTW), Indianapolis (IND), Columbia (CAE), Detroit (DTW), Washington, D.C. (DCA), Orlando (MCO), Destin (VPS), New Orleans (MSY), Columbus (CMH), Louisville (SDF), Las Vegas (LAS), Washington, D.C. (IAD), Nashville (BNA), Fort Lauderdale (FLL), Raleigh (RDU), Minneapolis (MSP), Baltimore (BWI), Charleston (CHS), Salt Lake City (SLC), Dallas (DFW), Myrtle Beach (MYR), Baltimore (BWI), Knoxville (TYS), Austin (AUS), Nashville (BNA)","1. Click the Book with Google Flights button to open Google Flights. (Our how-to video)
 
2. Adjust the departure city to your home airport.
 
3. Click the dates to open the calendar view to find the cheapest dates (lowest prices in green). Availability may vary depending on your home airport. 
4. Follow the links in Google Flights to book directly with the airline.
 
For better availability from some cities, try searching for 8-9 day trips.","Rare, sub-$300 fares to sunny Costa Rica! Peak season availability through winter. Nonstop from several cities. Book ASAP - these low fares won't last!




Southwest allows two checked bags for free. There is no formal seat assignment: You'll board based on your check-in time, which starts 24 hours before departure. You can now see Southwest fares on Google Flights!




JetBlue and United fares are Main Cabin and include a carry-on and seat assignment. Other fares are Basic Economy.",1716542063970-unnamed-1.jpg,2024-05-25
4,20d0df72-a684-46f8-807f-6c72352cd78b,"[BIZ CLASS] Helsinki, Finland ",Points,Business & First class,For 63k points,"https://www.finnair.com/fi-en?utm_source=ActiveCampaign&utm_medium=email&utm_content=%F0%9F%87%AB%F0%9F%87%AE%20%5BBIZ%20CLASS%5D%20Helsinki,%20Finland%20for%2063k%20points%20each%20way%20(Nonstop%20%2F%20Finnair%20-%20Was:%20$3k)&utm_campaign=PREMIUM:%20Finnair%20HEL%20biz%20class","Chicago (ORD) - 63k*
Dallas (DFW) - 63k*
Los Angeles (LAX) - 63k*
Miami (MIA) - 63k*
New York (JFK) - 63k*
Seattle (SEA) - 63k*","Seattle (SEA), Dallas (DFW), Miami (MIA), Chicago (ORD), New York (JFK), Los Angeles (LAX)","Search with Finnair
 
1. Sign up for a free Finnair account. you must have an account to search.
2. Log in and choose ""Finland"" as your location (see sample flight below). You must change your location to a European country to be able to book 2 passengers.
3. Click the ""Award flight"" tab. It will be easiest to search one-way at a time.
4. Select ""Business Class"" and enter the total number of passengers.
5. Choose ""Dates are flexible"" below the calendar when selecting dates. Search the exact dates listed above.
 
Booking with Cathay Pacific
 
1. Create a free Cathay Pacific account. You must have an account to search.
2. Select the ""One-way"" tab and enter the route you'd like to search.
3. Choose ""Business"" and the total number of passengers traveling.
4. Search the exact dates listed above.
 
Transfers are usually instant but in some cases there are delays. If you're just opening a new loyalty account, transfers may take longer.
 
Taxes & fees are ~$150 each way","Fly lie-flat in Finnair business class nonstop to Helsinki. The secret to this deal is we've found a loophole to book seats for 2 passengers that isn't normally available (details in red below)! 




Best availability for 2 passengers from March through May '25 - we recommend May for the best weather. You can now transfer all major credit card points to Finnair Avios and book for just 63k points each way (details below).




You'll be aboard Finnair's A350 or A330. Both aircraft feature Finnair's new Air Lounge seats which are extra-wide and lie-flat with direct aisle access at every seat. Check out this review.




Includes lie-flat seats, priority boarding, checked bags, seat assignment, lounge access (inc'l AA's Flagship lounges), biz class meals, and champagne.




Book with Finnair Avios (or British Airways)

Finnair charges 63k Avios each way. You must choose ""Finland"" as your location on Finnair's website to be able to book for 2 passengers (see instructions below).




Transfer points from Capital One to Finnair (usually instant). You can also combine your British Airways & Finnair Avios. Transfer Amex Membership Rewards, Bilt, Chase, or Wells Fargo points to British Airways (usually instant). Then, easily transfer from British Airways to Finnair to book.


Book with Cathay Pacific Asia Miles

Cathay charges 63k to 89k miles each way. Transfer points from Amex Membership Rewards, Bilt, Capital One, or Citi (usually takes 24 hours).



Dates Available for 2 Passengers



Chicago - Helsinki

ORD-HEL: Aug. 10-11, 25, 27; Mar. 30; Apr. 1, 5-6, 11, 15-16, 18-20, 22-23, 25-26, 29-30; Apr. 1, 5-6, 11, 15-16, 18-20, 22-23, 25-26, 29-30; May 2-4, 6-7, 9-11, 13-14, 16

HEL-ORD: Apr. 1-2, 4, 8, 13, 15, 18-20, 22-23, 25-27, 29-30; May 2-4, 6-7, 9-11, 13-14, 16-17



Dallas - Helsinki

DFW-HEL: Aug 22, 24; Dec. 13, 25; Jan. 10, 20, 27-29, 31; Feb. 3-4, 10, 13, 16, 23; Mar. 6, 13, 15-16, 19, 23-28; Apr. 4-5, 9-11, 14-17, 19-29; May 1-10, 13-15

HEL-DFW: Aug. 29; Nov. 6, 8, 11, 15, 17-18; Dec. 8-9, 11, 15, 28; Jan. 12-14, 26-27, 29-30; Feb. 1-3, 16-17, 20-22, 26, 28; Mar. 3-4, 7, 9-10, 13-14, 17-19, 21-23, 26-27; Apr. 2-5, 10-12, 14, 16-25, 27-30; May 2-17



Los Angeles - Helsinki

LAX-HEL: Aug. 14; Nov. 3, 7; Feb. 4; Mar. 9, 16; Apr. 23, 27, 30; May 2, 7, 9, 11, 16

HEL-LAX: Nov. 3, 17; Jan. 19, 23; Feb. 2, 4; Apr. 2, 4, 16, 23, 25, 27, 30; May 2, 4, 7, 9, 11, 14, 16



Miami - Helsinki

MIA-HEL: Jan. 30; Feb. 15; Mar. 11, 13, 18, 20, 22, 27

HEL-MIA: Feb. 25; Mar. 1, 4, 6, 8, 13, 15, 18, 20, 22, 27, 29



New York - Helsinki

JFK-HEL: Aug. 13, 29; Dec. 30-31; Jan. 22-23, 31; Feb. 4, 13-14, 22, 26-27; Mar. 4-5, 13, 16-18, 21-27; Apr. 2, 4-6, 8, 11, 15, 18; May 1-6, 8, 10-15

HEL-JFK: Nov. 12-13; Dec. 24, 26; Jan. 24, 28, 30; Feb. 1, 12, 26, 28; Mar. 1-6, 8, 10-13, 16, 18-22, 24, 27-28; Apr. 1-3, 5-8, 10-11; May 2-17



Seattle - Helsinki

SEA-HEL: May 3, 5, 8, 10, 12, 15

HEL-SEA: May 3, 5, 8, 10, 12, 15, 17",1716482993708-unnamed.jpg,2024-05-25
5,e9103e22-f5f2-4a42-8166-45da060ae779,"Roatán, Honduras",Cash,ECONOMY,Under 396$,https://www.google.com/travel/flights/search?tfs=CBwQAhovEgoyMDI0LTA4LTE3KAE6AlNZagcIARIDQ0xUcg4IAhIKL20vMDJyZjNscJAB6AIaLxIKMjAyNC0wOC0yNCgBOgJTWWoOCAISCi9tLzAycmYzbHByBwgBEgNDTFSQAegCQAFIAWoEEAEYAHABggELCP___________wGIAQGYAQE&tfu=EgIIACIA&hl=en-US&curr=USD&utm_source=ActiveCampaign&utm_medium=email&utm_content=%F0%9F%A4%BF%20Roat%C3%A1n%2C%20Honduras%20under%20%24396%20%28Late%20Summer%20%2F%20Winter%20-%20Was%3A%20%24700%29&utm_campaign=PREMIUM%20-%20HOLD%20REPRICE%20Coxen%20Hole%20-%20DL%20hubs%20sub-%24300,"Atlanta (ATL) - $289
Birmingham (BHM) - $359 
Cedar Rapids (CID) - $389
Charleston (CHS) - $387
Charlotte (CLT) - $287
Cleveland (CLE) - $385
Columbia (CAE) - $359
Columbus (CMH) - $399
Dallas (DAL) - $289
Dallas (DFW) - $289
Des Moines (DSM) - $309
Destin (VPS) - $357
Detroit (DTW) - $289
Evansville (EVV) - $389
Fayetteville (FAY) - $399
Greensboro (GSO) - $355
Gulfport (GPT) - $359
Huntsville (HSV) - $359
Indianapolis (IND) - $339
Jackson (JAN) - $359
Jacksonville (JAX) - $385
Kansas City (MCI) - $355
Knoxville (TYS) - $389
Louisville (SDF) - $370
Memphis (MEM) - $353
Miami (MIA) - $289
Minneapolis (MSP) - $339
Mobile (MOB) - $359
Montgomery (MGM) - $379
Nashville (BNA) - $355
New Orleans (MSY) - $369
New York (JFK) - $365
New York (LGA) - $365
Newark (EWR) - $365
Norfolk (ORF) - $351
Omaha (OMA) - $389
Orlando (MCO) - $375
Pensacola (PNS) - $359
Pittsburgh (PIT) - $395
Raleigh (RDU) - $359
Salt Lake City (SLC) - $289
Savannah (SAV) - $359
Springfield (SGF) - $359
St. Louis (STL) - $393
Tallahassee (TLH) - $359
Tampa (TPA) - $395
Toronto (YYZ) - $393
Tulsa (TUL) - $387 
Westchester County (HPN) - $365","Tulsa (TUL), Columbus (CMH), Newark (EWR), Knoxville (TYS), Kansas City (MCI), Mobile (MOB), Omaha (OMA), Minneapolis (MSP), Tallahassee (TLH), Westchester County (HPN), Gulfport (GPT), Orlando (MCO), Miami (MIA), Indianapolis (IND), Charleston (CHS), Destin (VPS), Atlanta (ATL), Raleigh (RDU), Cedar Rapids (CID), Springfield (SGF), Montgomery (MGM), Jacksonville (JAX), Tampa (TPA), Savannah (SAV), Louisville (SDF), Evansville (EVV), Memphis (MEM), Jackson (JAN), Columbia (CAE), Huntsville (HSV), Dallas (DFW), New York (LGA), Pensacola (PNS), Fayetteville (FAY), Des Moines (DSM), Toronto (YYZ), Birmingham (BHM), Nashville (BNA), Salt Lake City (SLC), Cleveland (CLE), New York (JFK), Detroit (DTW), Charlotte (CLT), Norfolk (ORF), New Orleans (MSY), Dallas (DAL), Greensboro (GSO), St. Louis (STL), Pittsburgh (PIT)","1. Click the Book with Google Flights button to open Google Flights. (Our how-to video)
 
2. Adjust the departure city to your home airport.
 
3. Click the dates to open the calendar view to find the cheapest dates (lowest prices in green). Availability may vary depending on your home airport. 
4. Follow the links in Google Flights to book directly with the airline.
 
Fares may be slightly lower on very limited dates from some cities. For better availability, search for 8-or-9-day trips.","Some of the lowest fares we've seen to Roatán! This island off the coast of Honduras is known for some incredible diving. Best availability late summer and winter.




Fares are Basic Economy and include a carry-on. We recommend upgrading to Main Cabin to get a seat assignment and the ability to cancel for a voucher.",1716480212196-unnamed.jpg,2024-05-25
6,b8803ddc-eb69-4933-8a7e-eb6c879ed52a,SFO to Cambodia,Cash,ECONOMY,For 899$,https://www.google.com/travel/flights/search?tfs=CBwQAhooEgoyMDI0LTA5LTA4KAEyAkNYagcIARIDU0ZPcgcIARIDUE5IkAHoAhooEgoyMDI0LTA5LTE1KAEyAkNYagcIARIDUE5IcgcIARIDU0ZPkAHoAkABSAFqBBABGABwAYIBCwj___________8BmAEB&tfu=EgIIACIA&hl=en-US&curr=USD&utm_source=ActiveCampaign&utm_medium=email&utm_content=%F0%9F%87%B0%F0%9F%87%AD%20SFO%20to%20Cambodia%20for%20%24899%20%28Angkor%20Wat%20Gateway%20-%20Was%3A%20%241500%29&utm_campaign=PREMIUM%20-%20SFO%20to%20Cambodia%20and%20Vietnam%20sub-900,San Francisco (SFO) - $899,San Francisco (SFO),"1. Click the Book with Google Flights button to open Google Flights. (Our how-to video)
 
2. Click the dates to open the calendar view to find the cheapest dates (lowest prices in green). 
3. Follow the links in Google Flights to book directly with the airline.","See Angkor Wat with a cheap flight to Cambodia! One quick connection flying Cathay Pacific with the best availability this fall. 




Fares are Basic Economy and include a free carry-on and one free checked bag. Seat selection for a fee.",1716475431955-unnamed.jpg,2024-05-25
7,41d7a497-a66f-4482-9930-00226b19616b,[BIZ CLASS] Europe,Cash,Business & First class,Under 2599$,https://www.google.com/travel/flights/search?tfs=CBwQAhpMEgoyMDI0LTEyLTMwKAEyAlNLagcIARIDQk9TcgcIARIDQ1BIcgcIARIDQVJOcgcIARIDT1NMcgcIARIDTFVYcgcIARIDTEhSkAHoAhpMEgoyMDI1LTAxLTA2KAEyAlNLagcIARIDQ1BIagcIARIDQVJOagcIARIDT1NMagcIARIDTFVYagcIARIDTEhScgcIARIDQk9TkAHoAkABSANwAYIBCwj___________8BmAEB&tfu=EgIIASIA&hl=en-US&curr=USD&utm_source=ActiveCampaign&utm_medium=email&utm_content=%F0%9F%A5%82%20%5BBIZ%20CLASS%5D%20Europe%20under%20%242599%20%28Summer%20%2F%20Xmas%20%2F%20NYE%20-%20Was%3A%20%245k%29&utm_campaign=PREMIUM%20-%20SAS%20biz%20class%20cash,"<b>Atlanta (ATL)</b>
Amsterdam (AMS) - $2598
Brussels (BRU) - $2564
Gdansk (GDN) - $2589
London (LHR) - $2599
Vilnius (VNO) - $2586


<b>Boston (BOS)</b>
Amsterdam (AMS) - $2599
Brussels (BRU) - $2564
Copenhagen (CPH) - $2597*
London (LHR) - $2599
Luxembourg (LUX) - $2533
Milan (MXP) - $2597
Paris (CDG) - $2597
Vilnius (VNO) - $2586
Warsaw (WAW) - $2597
Zurich (ZRH) - $2597

<b>Chicago (ORD)</b>
Amsterdam (AMS) - $2598
Brussels (BRU) - $2564
Gdansk (GDN) - $2589
London (LHR) - $2599
Milan (MXP) - $2597
Paris (CDG) - $2597
Vilnius (VNO) - $2586
Warsaw (WAW) - $2597


<b>Los Angeles (LAX)</b>
Amsterdam (AMS) - $2599
Brussels (BRU) - $2569
London (LHR) - $2599
Milan (MXP) - $2599


<b>Miami (MIA)</b>
Amsterdam (AMS) - $2599
Copenhagen (CPH) - $2599*
Helsinki (HEL) - $2589
Oslo (OSL) - $2599
Stockholm (ARN) - $2599

<b>New York (JFK)</b>
Amsterdam (AMS) - $2599
Brussels (BRU) - $2569
Copenhagen (CPH) - $2599*
Gdansk (GDN) - $2589
Vilnius (VNO) - $2589


<b>Newark (EWR)</b>
Amsterdam (AMS) - $2598
Copenhagen (CPH) - $2597*
Gdansk (GDN) - $2589
Helsinki (HEL) - $2578
London (LHR) - $2585
Luxembourg (LUX) - $2533
Oslo (OSL) - $2597*
Stockholm (ARN) - $2597*
Tallinn (TLL) - $2566
Vilnius (VNO) - $2576
Warsaw (WAW) - $2583

<b>San Francisco (SFO)</b>
Amsterdam (AMS) - $2598
Gdansk (GDN) - $2589
London (LHR) - $2599


<b>Toronto (YYZ)</b>

Copenhagen (CPH) - $2576*


<b>Washington, D.C. (IAD)</b>
Amsterdam (AMS) - $2598
Bergen (BGO) - $2597
Copenhagen (CPH) - $2597*
Gdansk (GDN) - $2589
Helsinki (HEL) - $2597
London (LHR) - $2599
Luxembuorg (LUX) - $2533
Oslo (OSL) - $2597
Stavanger (SVG) - $2597
Stockholm (ARN) - $2598
Vilnius (VNO) - $2586
Warsaw (WAW) - $2597","San Francisco (SFO), Newark (EWR), Boston (BOS), New York (JFK), Washington, D.C. (IAD), Washington, D.C. (IAD), Chicago (ORD), Washington, D.C. (IAD), Miami (MIA), New York (JFK), Newark (EWR), Miami (MIA), Atlanta (ATL), Washington, D.C. (IAD), Miami (MIA), Chicago (ORD), Boston (BOS), Chicago (ORD), Atlanta (ATL), Newark (EWR), Boston (BOS), Los Angeles (LAX), Boston (BOS), Chicago (ORD), Los Angeles (LAX), Newark (EWR), Los Angeles (LAX), Washington, D.C. (IAD), Washington, D.C. (IAD), Washington, D.C. (IAD), Washington, D.C. (IAD), Newark (EWR), Washington, D.C. (IAD), Atlanta (ATL), New York (JFK), Atlanta (ATL), Chicago (ORD), Chicago (ORD), Newark (EWR), San Francisco (SFO), Miami (MIA), Boston (BOS), New York (JFK), Boston (BOS), Atlanta (ATL), Washington, D.C. (IAD), Chicago (ORD), Toronto (YYZ), Boston (BOS), Boston (BOS), Chicago (ORD), San Francisco (SFO), New York (JFK), Newark (EWR), Newark (EWR), Washington, D.C. (IAD), Newark (EWR), Newark (EWR), Newark (EWR), Boston (BOS), Los Angeles (LAX), Miami (MIA), Washington, D.C. (IAD), Boston (BOS)","1. Click the Book with Google Flights button to open Google Flights. (Our how-to video)
 
2. Adjust the departure city to your home airport.
 
3. Click the dates to open the calendar view to find the cheapest dates (lowest prices in green). Availability may vary depending on your home airport.
4. Follow the links in Google Flights to book directly with the airline.
 
For best availability from some cities, search for 8 or 9-day trips.","Fly lie-flat to Europe in SAS business class this summer! Nonstop from several cities to Copenhagen, and from Newark to Oslo & Stockholm. Peak summer availability from most cities - includes Christmas & NYE, too! Fares from LAX, MIA, & SFO start this fall.



The best seats are aboard SAS' A350 or A330. Both of these larger aircraft have a 1-2-1 seating layout with direct aisle access at every seat.



Flights from New York-JFK and Toronto are on an A321neo with alternating 2-2 and 1-1 seating. Choose the ""throne seat"" for more space.



Includes priority boarding, checked bags, lie-flat seats, lounge access, and business-class food and drinks. Advanced seat selection starts at $90.",1716455676667-unnamed.jpg,2024-05-25
8,18884598-422f-4e9e-84b5-2cfe56e363cb,[NERD ALERT] KUL to NYC,Cash,Business & First class,For 2139$,https://www.google.com/travel/flights/search?tfs=CBwQAhoqEgoyMDI0LTEwLTE2KAEyAk5IagcIARIDS1VMcgcIARIDSkZLggEDTlJUGioSCjIwMjQtMTAtMjMoATICTkhqBwgBEgNKRktyBwgBEgNLVUyCAQNOUlRAAUgDcAGCAQsI____________AZgBAQ&tfu=EgIIACIA&utm_source=ActiveCampaign&utm_medium=email&utm_content=%F0%9F%A4%93%20%5BNERD%20ALERT%5D%20KUL%20to%20NYC%20for%20%242139%20R%2FT%20%28ANA%20%22The%20Room%22%20-%20Was%3A%20%248k%29&utm_campaign=Nerd%20Alert%3A%20KUL%20to%20NYC%20ANA%20The%20Room%20%242k,"<b>Kuala Lumpur (KUL)</b>

New York (JFK) - $2139",New York (JFK),"1. Click the button below to open Google Flights. (Our how-to video)
 
2. Click the dates to open the calendar view to find the cheapest dates (lowest prices in green).
3. Follow the links in Google Flights to book directly with United. 
 
These fares require a longer, overnight layover in Tokyo. Have a look at these HND Airport hotels or check out the Hyatt Regency in central Tokyo.
 
H/T: cruser1","Incredible price to fly ANA's ""The Room"" business class from Kuala Lumpur to NYC! This deal only works for flights departing Malaysia - not the U.S. This is one of the cheapest fares we've ever seen to fly ""The Room."" Best availability in October - November. Book ASAP, this won't last long!




These low fares require an overnight layover in Tokyo but these prices are worth your attention. Plus, it can be a good way to break up the long flight.




You'll be aboard ANA's newer 777 equipped with ""The Room"" on the longer flights between Tokyo and NYC. We've flown in these suites before and think they're near perfection - read our review. Flights between Kuala Lumpur and Tokyo are on a 787.




Includes priority boarding, checked bags, lie-flat seats in an enclosed suite, fancy lounge access, business-class food, and champagne.",1716397656368-unnamed.jpg,2024-05-25
9,7ede1ed6-eb87-4013-8882-3ff77ebca45a,"Santiago, Chile",Cash,ECONOMY,Under 699$,https://www.google.com/travel/flights/search?tfs=CBwQAhosEgoyMDI0LTExLTExKAI6AkFWOgJBUmoHCAESA0RGV3IHCAESA1NDTJAB6AIaLBIKMjAyNC0xMS0xOCgCOgJBVjoCQVJqBwgBEgNTQ0xyBwgBEgNERleQAegCQAFIAWoEEAEYAHABggELCP___________wGIAQGYAQE&tfu=EgIIACIDCgEw&gl=US&curr=USD&utm_source=ActiveCampaign&utm_medium=email&utm_content=%F0%9F%8F%94%EF%B8%8F%20Santiago%2C%20Chile%20under%20%24699%20%28Patagonia%20Gateway%20-%20Was%3A%20%241400%29&utm_campaign=PREMIUM%20-%20Santiago%2C%20Chile%20sub-700,"Abilene (ABI) - $628
Albuquerque (ABQ) - $631
Allentown (ABE) - $696
Asheville (AVL) - $699
Augusta (AGS) - $654
Austin (AUS) - $515
Baltimore (BWI) - $593
Baton Rouge (BTR) - $631
Birmingham (BHM) - $591
Bloomington (BMI) - $631
Boston (BOS) - $631
Bristol (TRI) - $631
Burbank (BUR) - $631
Cedar Rapids (CID) - $590
Charleston (CHS) - $551
Charleston (CRW) - $634
Charlotte (CLT) - $690
Chattanooga (CHA) - $631
Chicago (ORD) - $631
Cincinnati (CVG) - $631
Cleveland (CLE) - $631
Colorado Springs (COS) - $631
Columbia (CAE) - $620
Columbia (COU) - $646
Columbus (CMH) - $647
Corpus Christi (CRP) - $631
Dallas (DFW) - $497*
Dayton (DAY) - $631
Denver (DEN) - $631
Des Moines (DSM) - $636
Destin (VPS) - $590
Detroit (DTW) - $631
El Paso (ELP) - $631
Evansville (EVV) - $631
Fargo (FAR) - $631
Flint (FNT) - $657
Fort Myers (RSW) - $661
Fresno (FAT) - $671
Gainesville (GNV) - $651
Grand Junction (GJT) - $631
Grand Rapids (GRR) - $631
Greensboro (GSO) - $631
Greenville (GSP) - $591
Gulfport (GPT) - $651
Harrisburg (MDT) - $699
Hartford (BDL) - $634
Houston (HOU) - $591
Houston (IAH) - $591
Huntsville (HSV) - $591
Indianapolis (IND) - $631
Jackson (JAN) - $591
Jacksonville (JAX) - $661
Kansas City (MCI) - $631
Key West (EYW) - $591
Knoxville (TYS) - $631
Lafayette (LFT) - $631
Las Vegas (LAS) - $671
Lexington (LEX) - $591
Little Rock (LIT) - $631
Lubbock (LBB) - $631
Madison (MSN) - $636
McAllen (MFE) - $631
Memphis (MEM) - $591
Miami (MIA) - $537*
Midland (MAF) - $631
Milwaukee (MKE) - $634
Minneapolis (MSP) - $671
Mobile (MOB) - $591
Moline (MLI) - $631
Montgomery (MGM) - $591
Montreal (YUL) - $617
Montrose (MTJ) - $631
Nashville (BNA) - $591
New Orleans (MSY) - $651
New York (JFK) - $697*
Norfolk (ORF) - $591
Oklahoma City (OKC) - $631
Omaha (OMA) - $631
Ontario (ONT) - $631
Orlando (MCO) - $547*
Palm Springs (PSP) - $675
Panama City (ECP) - $591
Pensacola (PNS) - $591
Peoria (PIA) - $590
Philadelphia (PHL) - $631
Phoenix (PHX) - $631
Pittsburgh (PIT) - $631
Portland (PWM) - $634
Providence (PVD) - $636
Raleigh (RDU) - $591
Reno (RNO) - $671
Richmond (RIC) - $691
Roanoke (ROA) - $662
Rochester (ROC) - $634
Sacramento (SMF) - $631
Salt Lake City (SLC) - $671
San Antonio (SAT) - $591
San Diego (SAN) - $631
San Francisco (SFO) - $671
San Jose (SJC) - $671
San Juan (SJU) - $498
San Luis Obispo (SBP) - $590
Santa Ana (SNA) - $671
Sarasota (SRQ) - $653
Savannah (SAV) - $591
Scranton (AVP) - $558
Shreveport (SHV) - $631
Sioux Falls (FSD) - $631
Springfield (SGF) - $591
St. Louis (STL) - $631
Syracuse (SYR) - $699
Tallahassee (TLH) - $591
Tampa (TPA) - $661
Toronto (YYZ) - $612
Tucson (TUS) - $631
Tulsa (TUL) - $631
Waco (ACT) - $686
Washington, D.C. (DCA) - $651
West Palm Beach (PBI) - $591
Wichita (ICT) - $631
Wichita Falls (SPS) - $628
Wilmington (ILM) - $634","Lexington (LEX), Little Rock (LIT), Houston (IAH), Grand Junction (GJT), Burbank (BUR), Savannah (SAV), Fresno (FAT), Madison (MSN), Kansas City (MCI), Hartford (BDL), Wilmington (ILM), Charleston (CHS), Shreveport (SHV), Philadelphia (PHL), Austin (AUS), New York (JFK), Harrisburg (MDT), Roanoke (ROA), Montgomery (MGM), Colorado Springs (COS), St. Louis (STL), San Antonio (SAT), Lubbock (LBB), Scranton (AVP), Greensboro (GSO), Grand Rapids (GRR), Columbia (COU), Denver (DEN), San Jose (SJC), Montrose (MTJ), Palm Springs (PSP), Sacramento (SMF), Dayton (DAY), Phoenix (PHX), Mobile (MOB), San Luis Obispo (SBP), Bloomington (BMI), Santa Ana (SNA), Springfield (SGF), Columbia (CAE), Allentown (ABE), Lafayette (LFT), Tallahassee (TLH), Fort Myers (RSW), San Francisco (SFO), Memphis (MEM), Pittsburgh (PIT), Reno (RNO), Greenville (GSP), San Diego (SAN), Las Vegas (LAS), Montreal (YUL), El Paso (ELP), Nashville (BNA), Baltimore (BWI), Portland (PWM), San Juan (SJU), Detroit (DTW), Knoxville (TYS), Chicago (ORD), Richmond (RIC), Wichita Falls (SPS), Bristol (TRI), Jacksonville (JAX), Rochester (ROC), Baton Rouge (BTR), Albuquerque (ABQ), West Palm Beach (PBI), Miami (MIA), Omaha (OMA), Boston (BOS), Cedar Rapids (CID), Charlotte (CLT), Panama City (ECP), Jackson (JAN), Cincinnati (CVG), Salt Lake City (SLC), Gainesville (GNV), Charleston (CRW), Fargo (FAR), Sarasota (SRQ), Syracuse (SYR), Gulfport (GPT), Chattanooga (CHA), Evansville (EVV), Ontario (ONT), Augusta (AGS), Houston (HOU), Milwaukee (MKE), Waco (ACT), Pensacola (PNS), Tulsa (TUL), Raleigh (RDU), Toronto (YYZ), New Orleans (MSY), Corpus Christi (CRP), Des Moines (DSM), Asheville (AVL), Huntsville (HSV), Destin (VPS), Birmingham (BHM), Abilene (ABI), McAllen (MFE), Columbus (CMH), Sioux Falls (FSD), Wichita (ICT), Oklahoma City (OKC), Cleveland (CLE), Indianapolis (IND), Norfolk (ORF), Minneapolis (MSP), Orlando (MCO), Washington, D.C. (DCA), Key West (EYW), Midland (MAF), Tucson (TUS), Dallas (DFW), Providence (PVD), Moline (MLI), Flint (FNT), Tampa (TPA), Peoria (PIA)","1. Click the Book with Google Flights button to open Google Flights. (Our how-to video)
 
2. Adjust the departure city to your home airport.
 
3. Click the dates to open the calendar view to find the cheapest dates (lowest prices in green). Availability may vary depending on your home airport. 
4. Follow the links in Google Flights to book directly with the airline.","Cross Patagonia off your bucket list! Primarily flying American. Best availability in late Oct. - Nov. from most cities. Nonstop from Dallas, Miami, NYC, and Orlando. 



Fares are Basic Economy and include a carry-on. Upgrade to Main Cabin to get a seat assignment, checked bag, and the ability to cancel for a voucher.",1716394796050-unnamed.jpg,2024-05-25
10,d05682f2-ee4e-47af-9b0d-74412c00d245,"Copenhagen, Denmark",Cash,ECONOMY,Under 494$,https://www.google.com/travel/flights/search?tfs=CBwQAho6EgoyMDI0LTEwLTA5KAEyAkZJagcIARIDTVNQagcIARIDSkZLagcIARIDQk9TcgcIARIDQ1BIkAHoAho6EgoyMDI0LTEwLTE3KAEyAkZJagcIARIDQ1BIcgcIARIDTVNQcgcIARIDSkZLcgcIARIDQk9TkAHoAkABSAFwAYIBCwj___________8BmAEB&hl=en-US&curr=USD&utm_source=ActiveCampaign&utm_medium=email&utm_content=%F0%9F%9A%B2%20Copenhagen%2C%20Denmark%20under%20%24494%20%28Inc%20l%20August%20-%20Was%3A%20%24900%29&utm_campaign=PREMIUM%20-%20Copenhagen%20Icelandair%20sub-500,"Baltimore (BWI) - $444
Boston (BOS) - $444
Chicago (ORD) - $444
Denver (DEN) - $494
Detroit (DTW) - $444
Minneapolis (MSP) - $444
New York (JFK) - $444
Newark (EWR) - $444
Orlando (MCO) - $494
Pittsburgh (PIT) - $444
Portland (PDX) - $494
Raleigh (RDU) - $444
Seattle (SEA) - $494
Washington, D.C. (IAD) - $444","Portland (PDX), Denver (DEN), Detroit (DTW), Minneapolis (MSP), Raleigh (RDU), Pittsburgh (PIT), Baltimore (BWI), Seattle (SEA), New York (JFK), Boston (BOS), Newark (EWR), Chicago (ORD), Washington, D.C. (IAD), Orlando (MCO)","1. Click the Book with Google Flights button to open Google Flights. (Our how-to video)
 
2. Adjust the departure city to your home airport.
 
3. Click the dates to open the calendar view to find the cheapest dates (lowest prices in green). Availability may vary depending on your home airport. 
4. Follow the links in Google Flights to book directly with the airline. 
 
For best availability, search for 8-or-9-day trips from some cities.","Spend a little summertime in Scandinavia with these low fares to Copenhagen! Includes August availability for a few dollars more from most cities. Best availability in fall. Fares are eligible for Iceland stopovers for similar prices. 




Fares are Economy Light which includes a carry-on. Seat assignment starts at $40 each way. Upgrade to ""Economy Standard"" to get a free checked bag and seat assignment.",1716394608962-unnamed.jpg,2024-05-25
11,2b47e891-51f5-458d-9f09-ea236193bdaa,California to Hawaiian Islands,Cash,ECONOMY,Under 197$,https://www.google.com/travel/flights/search?tfs=CBwQAhpGEgoyMDI0LTA5LTEwKAE6AkY5OgJHNDoCTks6AlNZagcIARIDU0pDcgcIARIDT0dHcgcIARIDSE5McgcIARIDS09BkAHoAhpGEgoyMDI0LTA5LTE3KAE6AkY5OgJHNDoCTks6AlNZagcIARIDT0dHagcIARIDSE5MagcIARIDS09BcgcIARIDU0pDkAHoAkABSAFqBBABGABwAYIBCwj___________8BiAEBmAEB&tfu=EgIIASIA&hl=en-US&gl=US&curr=USD&utm_source=ActiveCampaign&utm_medium=email&utm_content=%F0%9F%8D%8D%20California%20to%20Hawaiian%20Islands%20under%20%24197%20%28Late%20Summer%20%2F%20Fall%20-%20Was%3A%20%24500%29&utm_campaign=PREMIUM%20-%20Hawaiian%20Islands%20sub-200,"<b>Honolulu (HNL)</b>
San Diego (SAN) - $196*

Kona (KOA)
Oakland (OAK) - $196
San Diego (SAN) - $190
San Francisco (SFO) - $196
San Jose (SJC) - $186

<b>Maui (OGG)</b>
Oakland (OAK) - $196*
San Diego (SAN) - $196*
San Francisco (SFO) - $196*
San Jose (SJC) - $196*","Oakland (OAK), San Francisco (SFO), San Francisco (SFO), San Jose (SJC), Oakland (OAK), San Diego (SAN), San Diego (SAN), San Jose (SJC), San Diego (SAN)","1. Click the Book with Google Flights button to open Google Flights. (Our how-to video)
 
2. Adjust the departure city to your home airport.
 
3. Click the dates to open the calendar view to find the cheapest dates (lowest prices in green). Availability may vary depending on your home airport.
4. Follow the links in Google Flights to book directly with the airline.","Sub-$200 fares to Hawaii! Availability in late summer through fall. Nonstop to Honolulu and Maui. Deals work in reverse if you live in Hawaii.




Fares are Basic Economy and include a carry-on. Upgrade to Main Cabin for seat assignment and the ability to cancel for a voucher.",1716391551448-unnamed.jpg,2024-05-25
12,6278924a-09be-46cb-8959-749f304aadf8,"[NONSTOP] JFK to Edinburgh, Scotland",Cash,ECONOMY,For 494$,https://www.google.com/travel/flights/search?tfs=CBwQAhopEgoyMDI0LTA3LTE3KAAyAkI2agcIARIDSkZLcgwIAhIIL20vMDJtNzcaKRIKMjAyNC0wNy0yNCgAMgJCNmoMCAISCC9tLzAybTc3cgcIARIDSkZLQAFIAWoEEAEYAHABggELCP___________wGYAQE&hl=en-US&curr=USD&utm_source=ActiveCampaign&utm_medium=email&utm_content=%F0%9F%8F%B4%F3%A0%81%A7%F3%A0%81%A2%F3%A0%81%B3%F3%A0%81%A3%F3%A0%81%B4%F3%A0%81%BF%20%5BNONSTOP%5D%20JFK%20to%20Edinburgh%2C%20Scotland%20for%20%24494%20%28JetBlue%20%2F%20Peak%20Summer%20-%20Was%3A%20%24800%29&utm_campaign=PREMIUM%20-%20NYC%20to%20EDI%20Nonny%20JB,New York (JFK) - $494*,New York (JFK),"1. Click the Book with Google Flights button to open Google Flights. (Our how-to video)
 
2. Click the dates to open the calendar view to find the cheapest dates (lowest prices in green).
3. Follow the links in Google Flights to book directly with the airline.","Fly JetBlue's new nonstop route to Edinburgh! Slashed prices with near daily availability all summer. You can even book shorter weekend trips! Book ASAP.


Fares are ""Blue Basic"" and include a carry-on. Upgrade to ""Blue"" fares to get a seat assignment, checked bag, and the ability to cancel for a voucher.",1716391302399-unnamed.jpg,2024-05-25
13,39562510-fb00-4a5d-afd3-64e9b882df3b,[NONSTOP] Mexico & C. America,Points,ECONOMY,From 17k points,https://www.virginatlantic.com/flight-search/book-a-flight?utm_source=ActiveCampaign&utm_medium=email&utm_content=%E2%98%80%EF%B8%8F%20%5BNONSTOP%5D%20Mexico%20%26%20C%20%20America%20from%2017k%20points%20R%2FT%20(Delta%20%2F%20Main%20Cabin%20-%20Was:%20$600%2B)&utm_campaign=Delta%20econ%20to%20Mexico%2FC%20%20America%20via%20Virgin,"<b>Atlanta (ATL)</b>

Belize City (BZE) - 33k*
Cabo San Lucas (SJD) - 37k*
Cancún (CUN) - 22k*
Cozumel (CZM) - 22k*
Guadalajara (GDL) - 33k*
Guatemala (GUA) - 33k*
Liberia, C.R. (LIR) - 37k*
Mexico City (MEX) - 33k*
Monterrey (MTY) - 33k*
Panama City (PTY) - 37k*
Puerto Vallarta (PVR) - 37k*
San Pedro Sula (SAP) - 33k*
San Salvador (SAL) - 33k*
Tulum (TQO) - 22k*


<b>Boston (BOS)</b>

Cancún (CUN) - 37k*


<b>Detroit (DTW)</b>

Cabo San Lucas (SJD) - 44k*
Cancún (CUN) - 33k*
Mexico City (MEX) - 37k*
Puerto Vallarta (PVR) - 37k*


<b>Los Angeles (LAX)</b>

Cabo San Lucas (SJD) - 22k*
Cancún (CUN) - 44k*
Guatemala (GUA) - 44k*
Mexico City (MEX) - 37k*
Puerto Vallarta (PVR) - 37k*
San Salvador (SAL) - 44k*

<b>Minneapolis (MSP)</b>

Cabo San Lucas (SJD) - 37k*
Cancún (CUN) - 37k*
Cozumel (CZM) - 37k*
Liberia, C.R. (LIR) - 44k*
Mazatlán (MZT) - 37k*
Mexico City (MEX) - 37k*


<b>New York (JFK)</b>

Cancún (CUN) - 37k*
Mexico City (MEX) - 44k*


<b>Salt Lake City (SLC)</b>

Cabo San Lucas (SJD) - 33k*
Cancún (CUN) - 37k*
Puerto Vallarta (PVR) - 33k*


<b>Seattle (SEA)</b>

Cabo San Lucas (SJD) - 37k*
Cancún (CUN) - 44k*
Puerto Vallarta (PVR) - 44k*","Minneapolis (MSP), Minneapolis (MSP), Atlanta (ATL), Los Angeles (LAX), Atlanta (ATL), Seattle (SEA), Salt Lake City (SLC), Detroit (DTW), New York (JFK), Atlanta (ATL), Salt Lake City (SLC), Detroit (DTW), Salt Lake City (SLC), Detroit (DTW), Minneapolis (MSP), Atlanta (ATL), Minneapolis (MSP), New York (JFK), Atlanta (ATL), Detroit (DTW), Los Angeles (LAX), Los Angeles (LAX), Los Angeles (LAX), Atlanta (ATL), Atlanta (ATL), Los Angeles (LAX), Minneapolis (MSP), Boston (BOS), Atlanta (ATL), Seattle (SEA), Atlanta (ATL), Atlanta (ATL), Minneapolis (MSP), Los Angeles (LAX), Seattle (SEA), Atlanta (ATL), Atlanta (ATL), Atlanta (ATL), Atlanta (ATL)","Search with Virgin Atlantic
 
1. Create a free account with Virgin and search on Virgin's website.
2. Select ""Flexible Dates"" and choose to show price in ""Points."" You may need to select your airports from the ""Full Airport List.""
3. Select ""Economy"" and the total number of passengers.
4. After searching, click ""Price Calendar"" to maximize the dates viewable.
5. Filter for ""Direct"" flights.
 
Search one-way flights to start. Once you find availability in each direction, then search and book those dates roundtrip. Read our guide. If you see Virgin's new homepage design, select the ""Reward flights"" tab to start.
 
If you’re just opening a Virgin account, it may take 24-72 hours to get verified so you can book. Call Virgin (800-862-8621) & ask if they can hold seats until then.
 
Booking with Flying Blue
 
1. Create a free Flying Blue account. You must have an account to search.
2. Log in on Air France's site, click tab ""Book with miles"" & ""Continue.""
3. Choose the ""Economy"" cabin and search for the exact dates where you found availability on Virgin's website.
4. When choosing flights, filter for ""Delta"" under ""Airlines.""
 
Flying Blue's website is not the best. If you get errors at checkout, call Flying Blue (800-375-8723) to finish booking.
 
Transfers are usually instant but in some cases there are delays. If you're just opening a new loyalty account, transfers may take longer.
 
Taxes & fees vary by destination. Most average ~$125 R/T.","Use Virgin or Flying Blue miles to fly Delta nonstop to Mexico, Costa Rica, or throughout Central America! Best availability in January - February '25 (peak season). Mexico City availability in September. Transfer bonuses from Amex & Chase allow you to book from 17k points R/T (details below).




These Main Cabin fares include a free carry-on and advanced seat assignment. This is a great use of points! Delta SkyMiles rates are 45k+ in most cases.




Book with Virgin Atlantic Points

Virgin charges 22k to 44k points roundtrip. Transfer points from Amex Membership Rewards, Bilt, Capital One, Chase, or Citi (usually instant).




Take advantage of 30% transfer bonuses from Amex & Chase to Virgin, meaning you can book from 17k Amex MR or Chase points R/T!




Book with Air France/KLM Flying Blue




Flying Blue charges 25k to 38k miles roundtrip. Transfer points from Amex MR, Bilt, Capital One, Chase, Citi, or Wells Fargo (usually instant). There aren't currently any transfer bonuses but certain routes may be a better deal via Flying Blue.




There's no way to transfer Delta SkyMiles to Virgin or Flying Blue!",1716309723177-unnamed.jpg,2024-05-25
14,a985b99b-e38b-451e-81e6-9fb77a7e5d92,"[NONSTOP] Dallas, TX ",Cash,ECONOMY,Under 197$,https://www.google.com/travel/flights/search?tfs=CBwQAhoxEgoyMDI0LTA3LTA5KAA6AlNZOgJOSzoCRjlqBwgBEgNNU1lyDAgCEggvbS8wZjJycRoxEgoyMDI0LTA3LTE2KAA6AlNZOgJOSzoCRjlqDAgCEggvbS8wZjJycXIHCAESA01TWUABSAFqBBABGABwAYIBCwj___________8BiAEBmAEB&tfu=EgIIACIA&hl=en-US&gl=US&curr=USD&utm_source=ActiveCampaign&utm_medium=email&utm_content=%E2%AD%90%20%5BNONSTOP%5D%20Dallas%2C%20TX%20under%20%24197%20%28Summer%20-%20Was%3A%20%24400%29&utm_campaign=PREMIUM%20-%20Nonstop%20Dallas%2C%20TX%20sub-200%20%28Domestic%29,"Atlanta (ATL) - $178*
Boston (BOS) - $178*
Charlotte (CLT) - $177*
Chicago (ORD) - $156*
Cincinnati (CVG) - $178*
Colorado Springs (COS) - $182*
Columbus (CMH) - $170*
Denver (DEN) - $136*
Detroit (DTW) - $178*
El Paso (ELP) - $178*
Eugene (EUG) - $178*
Fort Lauderdale (FLL) - $178*
Grand Rapids (GRR) - $178*
Indianapolis (IND) - $130*
Jacksonville (JAX) - $178*
Kansas City (MCI) - $147*
Los Angeles (LAX) - $178*
Lubbock (LBB) - $142*
Memphis (MEM) - $190*
Midland (MAF) - $142*
Milwaukee (MKE) - $196*
Minneapolis (MSP) - $136*
Nashville (BNA) - $130*
New Orleans (MSY) - $117*
New York (JFK) - $193*
New York (LGA) - $193*
Newark (EWR) - $183*
Omaha (OMA) - $130*
Orlando (MCO) - $178*
Panama City (ECP) - $196*
Philadelphia (PHL) - $189*
Phoenix (PHX) - $178*
Portland (PDX) - $130*
Salt Lake City (SLC) - $140*
San Francisco (SFO) - $183*
St. Louis (STL) - $188*
Tampa (TPA) - $178*
Traverse City (TVC) - $178*","Traverse City (TVC), New Orleans (MSY), Grand Rapids (GRR), Cincinnati (CVG), Philadelphia (PHL), Memphis (MEM), Eugene (EUG), Nashville (BNA), Portland (PDX), Salt Lake City (SLC), Orlando (MCO), Detroit (DTW), New York (JFK), Kansas City (MCI), Newark (EWR), Midland (MAF), Milwaukee (MKE), Chicago (ORD), Tampa (TPA), Los Angeles (LAX), Jacksonville (JAX), Lubbock (LBB), Minneapolis (MSP), Phoenix (PHX), Omaha (OMA), Boston (BOS), Atlanta (ATL), San Francisco (SFO), Denver (DEN), Colorado Springs (COS), Fort Lauderdale (FLL), Panama City (ECP), Indianapolis (IND), Charlotte (CLT), El Paso (ELP), Columbus (CMH), St. Louis (STL), New York (LGA)","1. Click the Book with Google Flights button to open Google Flights. (Our how-to video)
2. Adjust the departure city to your home airport.
3. Click the dates to open the calendar view to find the cheapest dates (lowest prices in green). Availability may vary depending on your home airport.4. Follow the links in Google Flights to book directly with the airline.
 
Best availability into DFW.","Nonstop flights to Dallas for less than $200! Best availability through summer. Deals work in reverse if you live in Dallas.




Fares are Basic Economy and include a carry-on. We recommend upgrading to Main Cabin to get a seat assignment and the ability to cancel for a voucher.",1716304387431-unnamed.jpg,2024-05-25
15,d04f397c-01f2-4489-9196-f643304a38fe,"Sydney, Australia",Cash,ECONOMY,Under 763$,https://www.google.com/travel/flights/search?tfs=CBwQAhotEgoyMDI0LTExLTA1KAI6AkZKagcIARIDTEFYcgwIAhIIL20vMDZ5NTeQAegCGi0SCjIwMjQtMTEtMTIoAjoCRkpqDAgCEggvbS8wNnk1N3IHCAESA0xBWJAB6AJAAUgBagQQARgAcAGCAQsI____________AZgBAQ&tfu=EgIIACIA&hl=en-US&curr=USD&utm_source=ActiveCampaign&utm_medium=email&utm_content=%F0%9F%A6%98%20Sydney%2C%20Australia%20under%20%24763%20%28Peak%20Season%20-%20Was%3A%20%241200%29&utm_campaign=PREMIUM%20-%20Sydney%20sub%20800,"Anchorage (ANC) - $762
Dallas (DFW) - $759
Los Angeles (LAX) - $744*
 Portland (PDX) - $759 
San Francisco (SFO) - $744*
Seattle (SEA) - $759","Portland (PDX), Anchorage (ANC), Seattle (SEA), Los Angeles (LAX), San Francisco (SFO), Dallas (DFW)","1. Click the Book with Google Flights button to open Google Flights. (Our how-to video)
 
2. Adjust the departure city to your home airport.
 
3. Click the dates to open the calendar view to find the cheapest dates (lowest prices in green). Availability may vary depending on your home airport. 
4. Follow the links in Google Flights to book directly with the airline.","Head to the Land Down Under! Flying United with availability through winter (summer in Australia) from most cities. Nonstop from LA and San Francisco.




Fares are Basic Economy and include a checked bag. Upgrade to Main Cabin to get seat assignment and the ability to cancel for a voucher.",1716301324989-unnamed.jpg,2024-05-25
16,74046083-fad7-4aa6-ae56-16d65e5722ec,[NONSTOP] EWR to the Canary Islands,Cash,ECONOMY,For 498$,https://www.google.com/travel/flights/search?tfs=CBwQAhokEgoyMDI1LTAyLTI1KAAyAlVBagcIARIDRVdScgcIARIDVEZTGiQSCjIwMjUtMDMtMDUoADICVUFqBwgBEgNURlNyBwgBEgNFV1JAAUgBagQQARgAcAGCAQsI____________AYgBAZgBAQ&tfu=EgIIACIA&hl=en-US&curr=USD&utm_source=ActiveCampaign&utm_medium=email&utm_content=%F0%9F%8E%8A%20%5BNONSTOP%5D%20EWR%20to%20the%20Canary%20Islands%20for%20%24498%20%28Inc%20l%20Carnival%20%2F%20United%20-%20Was%3A%20%241000%29&utm_campaign=PREMIUM%20-%20EWR%20to%20Tenerife%2C%20Canary%20Islands,Newark (EWR) - $498*,Newark (EWR),"1. Click the Book with Google Flights button to open Google Flights. (Our how-to video)
 
2. Click the dates to open the calendar view to find the cheapest dates (lowest prices in green). 
3. Follow the links in Google Flights to book directly with the airline. 
 
Must search for 8 or 10-day trips for the best availability.","Big sale on the only nonstop route from the U.S. to the Canary Islands! Flying United with the best availability this winter.




Fares are Basic Economy and include a carry-on. Upgrade to Main Cabin to get seat assignment, a free checked bag, and the ability to cancel for a voucher. ",1716299181299-unnamed.jpg,2024-05-25
17,d8d6421d-5084-4abe-ab13-2ce2e267b697,Europe,Cash,ECONOMY,Under 499$,https://www.google.com/travel/flights/search?tfs=CBwQAhpDEgoyMDI1LTAyLTA5KAEyAlNLagcIARIDQk9TcgcIARIDQlJVcgcIARIDQ1BIcgcIARIDQVJOcgcIARIDQU1TkAHoAhpDEgoyMDI1LTAyLTE3KAEyAlNLagcIARIDQlJVagcIARIDQ1BIagcIARIDQVJOagcIARIDQU1TcgcIARIDQk9TkAHoAkABSAFwAYIBCwj___________8BmAEB&tfu=EgIIASIA&hl=en-US&gl=US&curr=USD&utm_source=ActiveCampaign&utm_medium=email&utm_content=%F0%9F%A5%B3%20Europe%20under%20%24499%20%28Fall%20%2F%20Winter%20-%20Was%3A%20%24900%29&utm_campaign=PREMIUM%20-%20Europe%20SAS%20Econ%20sub%20500,"<b>Atlanta (ATL)</b>
Amsterdam (AMS) - $448
Bergen (BGO) - $447
Brussels (BRU) - $414
Copenhagen (CPH) - $447*
Gdansk (GDN) - $439
Gothenburg (GOT) - $446
Helsinki (HEL) - $447
London (LHR) - $448 
Oslo (OSL) - $447
Stavanger (SVG) - $447
Stockholm (ARN) - $448


<b>Boston (BOS)</b>

Amsterdam (AMS) - $398
Bergen (BGO) - $397
Brussels (BRU) - $364
Copenhagen (CPH) - $397*
Gdansk (GDN) - $389
Gothenburg (GOT) - $396
Hamburg (HAM) - $473
Helsinki (HEL) - $397
London (LHR) - $448
Oslo (OSL) - $397
Paris (CDG) - $459
Stavanger (SVG) - $397
Stockholm (ARN) - $398
Vilnius (VNO) - $416
Warsaw (WAW) - $427
Zurich (ZRH) - $397


<b>Chicago (ORD)</b>

Amsterdam (AMS) - $398
Bergen (BGO) - $397
Brussels (BRU) - $364
Copenhagen (CPH) - $397*
Gdansk (GDN) - $389
Gothenburg (GOT) - $396
Helsinki (HEL) - $397
London (LHR) - $448
Milan (MXP) - $397
Oslo (OSL) - $397
Paris (CDG) - $397
Stavanger (SVG) - $397
Stockholm (ARN) - $398


<b>Los Angeles  (LAX)</b>
Amsterdam (AMS) - $498
Bergen (BGO) - $497
Brussels (BRU) - $464
Copenhagen (CPH) - $497*
Gothenburg (GOT) - $496
Helsinki (HEL) - $497
London (LHR) - $498
Oslo (OSL) - $497
Stavanger (SVG) - $497
Stockholm (ARN) - $498

<b>Miami (MIA)</b>

Amsterdam (AMS) - $448
Bergen (BGO) - $447
Brussels (BRU) - $404
Copenhagen (CPH) - $447*
Gdansk (GDN) - $428
Helsinki (HEL) - $438
London (LHR) - $448
Oslo (OSL) - $447
Stavanger (SVG) - $447
Stockholm (ARN) - $482
Warsaw (WAW) - $446


<b>New York (JFK)</b>

Amsterdam (AMS) - $398
Bergen (BGO) - $431
Brussels (BRU) - $364
Copenhagen (CPH) - $397*
Dublin (DUB) - $432
Gdansk (GDN) - $389
Hamburg (HAM) - $473
Helsinki (HEL) - $397
Milan (MXP) - $397
Oslo (OSL) - $431
Paris (CDG) - $397 
Stavanger (SVG) - $397
Stockholm (ARN) - $432
Vilnius (VNO) - $446


<b>Newark (EWR)</b>

Amsterdam (AMS) - $398
Bergen (BGO) - $405
Copenhagen (CPH) - $397*
Gothenburg (GOT) - $410
Hamburg (HAM) - $473
Helsinki (HEL) - $388
London (LHR) - $434
Oslo (OSL) - $397*
Stavanger (SVG) - $405
Stockholm (ARN) - $397*
Tallinn (TLL) - $366
Vilnius (VNO) - $376
Warsaw (WAW) - $427


<b>Washington, D.C. (IAD)</b>

Amsterdam (AMS) - $398
Bergen (BGO) - $397
Brussels (BRU) - $466
Copenhagen (CPH) - $397*
Gdansk (GDN) - $389
Gothenburg (GOT) - $396
Hamburg (HAM) - $473
Helsinki (HEL) - $397
London (LHR) - $448
Milan (MXP) - $459
Oslo (OSL) - $494
Stavanger (SVG) - $494
Stockholm (ARN) - $496
Vilnius (VNO) - $416
Warsaw (WAW) - $427","Boston (BOS), New York (JFK), New York (JFK), Washington, D.C. (IAD), Washington, D.C. (IAD), Washington, D.C. (IAD), New York (JFK), Washington, D.C. (IAD), Chicago (ORD), New York (JFK), Chicago (ORD), Chicago (ORD), Miami (MIA), Atlanta (ATL), Miami (MIA), Boston (BOS), Boston (BOS), Chicago (ORD), Boston (BOS), Washington, D.C. (IAD), Chicago (ORD), Washington, D.C. (IAD), New York (JFK), Chicago (ORD), Boston (BOS), Washington, D.C. (IAD), Washington, D.C. (IAD), New York (JFK), Chicago (ORD), Boston (BOS), Boston (BOS), Miami (MIA), Miami (MIA), Chicago (ORD), Boston (BOS), Miami (MIA), Newark (EWR), New York (JFK), New York (JFK), Chicago (ORD), Washington, D.C. (IAD), Chicago (ORD), Newark (EWR), Boston (BOS), New York (JFK), Miami (MIA), New York (JFK), Atlanta (ATL), New York (JFK), Miami (MIA), New York (JFK), Atlanta (ATL), Atlanta (ATL), Miami (MIA), Atlanta (ATL), Boston (BOS), Atlanta (ATL), Atlanta (ATL), Newark (EWR), Chicago (ORD), Atlanta (ATL), Washington, D.C. (IAD), Boston (BOS), Miami (MIA), New York (JFK), Newark (EWR), Atlanta (ATL), Washington, D.C. (IAD), Newark (EWR), Newark (EWR), Miami (MIA), Chicago (ORD), Chicago (ORD), Washington, D.C. (IAD), Boston (BOS), Boston (BOS), Newark (EWR), Atlanta (ATL), Newark (EWR), Washington, D.C. (IAD), New York (JFK), Boston (BOS), Washington, D.C. (IAD), Atlanta (ATL), Newark (EWR), Boston (BOS), Newark (EWR), Newark (EWR), Boston (BOS), Newark (EWR), Washington, D.C. (IAD), Miami (MIA), Newark (EWR)","1. Click the Book with Google Flights button to open Google Flights. (Our how-to video)
 
2. Adjust the departure city to your home airport.
 
3. Click the dates to open the calendar view to find the cheapest dates (lowest prices in green). Availability may vary depending on your home airport. 
4. Follow the links in Google Flights to book directly with the airline.
 
For better availability from some cities, search for 8-9 day trips","Save hundreds on your next flight to Europe! Flying Scandinavian Airlines with availability this fall through winter, including Thanksgiving. 




These fares include a free carry-on. Upgrade to SAS Go Smart fares to include a checked bag for $60. Seat assignment starts at ~$20. ",1716274929811-unnamed.jpg,2024-05-25
18,d6f386b9-8166-4fb0-9152-39665bf0d853,[NERD ALERT] Emirates First Class,Points,Business & First class,For 61k points,https://www.emirates.com/sessionhandler.aspx?pageurl=/IBE.aspx&pub=/us/english&j=f&section=IBE&utm_source=ActiveCampaign&utm_medium=email&utm_content=%F0%9F%A4%93%20%5BNERD%20ALERT%5D%20Emirates%20First%20Class%20for%2061k%20miles%20each%20way%20%28MIA%20to%20Bogot%C3%A1%20-%20Was%3A%20%243500%29&utm_campaign=Nerd%20Alert%3A%20Emirates%20First%20Class%20MIA-BOG,"<b>Miami (MIA)</b>

Bogotá (BOG) - 61k*",Miami (MIA),"Booking with Emirates
 
1. Create a free Emirates account. You must have an account to search.
2. Log in on Emirates.com and click ""Advanced search: multi-city, promo codes, partner airlines"" or use this link. You can only search for Bogotá flights from the ""Advanced search"" page.
3. Select ""Book a Classic Rewards Flight"" and ""Search Emirates flights only.""
4. Enter the total number of passengers traveling, choose ""First Class,""  and select ""My dates are flexible.""
 
Transfers are usually instant but in some cases there are delays. If you're just opening a new loyalty account, transfers may take longer.","Nerd Alert
We're calling this a Nerd Alert because these flights are only available for travel relatively soon in June. This is a great opportunity to try Emirates First Class!



Here's your chance to fly Emirates First Class ... nonstop from Miami to Bogotá! This unique fifth freedom route begins on June 3 with availability for 2 passengers through late June. There are only two rows of first class on this 777 so it will feel like a private flight.




You'll be aboard Emirates' older 777-300ER (review). While there isn't a shower or bar onboard like you'll find on its A380, the seats are identical. This 4-hr flight is an excellent way tick Emirates First Class off your bucket list!




Includes lie-flat seats in an enclosed suite, priority boarding, seat assignment, lounge access, in-seat minibar, fancy first class meals, and Dom Pérignon champagne.




Book with Emirates Skywards Miles




Emirates charges 61k miles each way. Taxes & fees are $105 one-way or $250 roundtrip. Transfer points from Amex Membership Rewards, Bilt, Capital One, Chase, or Citi (usually instant).



Dates Available for 2 Passengers

Miami - Bogota

MIA-BOG: June 3-4, 6-19

BOG-MIA: June 3-11, 13-15, 17-19",1716223764050-unnamed.jpg,2024-05-25
19,0579e9bc-6986-440d-b412-6aa2262b87e3,[NONSTOP] Iceland,Cash,ECONOMY,Under 584$,https://www.google.com/travel/flights/search?tfs=CBwQAhokEgoyMDI0LTA3LTE2KAA6Ak9HagcIARIDSkZLcgcIARIDS0VGGiQSCjIwMjQtMDctMjMoADoCT0dqBwgBEgNLRUZyBwgBEgNKRktAAUgBagQQARgAcAGCAQsI____________AYgBAZgBAQ&tfu=EgIIACIA&hl=en-US&curr=USD&utm_source=ActiveCampaign&utm_medium=email&utm_content=%F0%9F%8C%8B%20%5BNONSTOP%5D%20Iceland%20under%20%24584%20%28Peak%20Summer%20-%20Was%3A%20%24800%29&utm_campaign=PREMIUM%20-%20Iceland%20Nonstop%20sub-600,"<b>Icelandair Fares:</b>
Baltimore (BWI) - $441*
Boston (BOS) - $439*
Chicago (ORD) - $557*
Denver (DEN) - $596*
Detroit (DTW) - $496*
Minneapolis (MSP) - $584*
New York (JFK) - $470*
Newark (EWR) - $452*
Pittsburgh (PIT) - $497*
Toronto (YYZ) - $485*
Washington, D.C. (IAD) - $466*

<b>Air Canada:</b>
Toronto (YYZ) - $515*

Delta:
Detroit (DTW) - $495*
Minneapolis (MSP) - $487*

<b>United:</b>
New York (JFK) - $387*

 
Newark (EWR) - $387*

<b>WestJet:</b>

Calgary (YYC) - $378*","Minneapolis (MSP), New York (JFK), Baltimore (BWI), Calgary (YYC), New York (JFK), Minneapolis (MSP), Toronto (YYZ), Detroit (DTW), Toronto (YYZ), Washington, D.C. (IAD), Pittsburgh (PIT), Denver (DEN), Detroit (DTW), Chicago (ORD), Boston (BOS), Newark (EWR), Newark (EWR)","1. Click the Book with Google Flights button to open Google Flights. (Our how-to video)
 
2. Adjust the departure city to your home airport.
 
3. Click the dates to open the calendar view to find the cheapest dates (lowest prices in green). Availability may vary depending on your home airport. 
4. Follow the links in Google Flights to book directly with the airline. 
 
Lowest fares from Calgary (YYC) are for limited dates in September. Use this link for best results.","This is your year to make an Iceland trip happen! Includes peak summer (June-August) availability from most cities. Nonstop from all airports.




Icelandair fares are Economy Light which includes a carry-on. Upgrade to Economy Standard to get a free checked bag and seat assignment.




Other fares are Basic Economy and include a carry-on. Upgrade to Main Cabin to get seat assignment, a checked bag, and the ability to cancel for a voucher.",1716220413688-unnamed.jpg,2024-05-25
20,3b528e04-55db-47c5-aec6-b7f827a62706,[PREMIUM ECONOMY] Europe,Cash,Business & First class,Under 949$,https://www.google.com/travel/flights/search?tfs=CBwQAhpMEgoyMDI1LTAyLTA5KAEyAlNLagcIARIDT1JEcgcIARIDR09UcgcIARIDQU1TcgcIARIDQ1BIcgcIARIDQVJOcgcIARIDRFVCkAHoAhpMEgoyMDI1LTAyLTE2KAEyAlNLagcIARIDR09UagcIARIDQU1TagcIARIDQ1BIagcIARIDQVJOagcIARIDRFVCcgcIARIDT1JEkAHoAkABSAJwAYIBCwj___________8BmAEB&tfu=EgIIASIA&hl=en-US&gl=US&curr=USD&utm_source=ActiveCampaign&utm_medium=email&utm_content=%F0%9F%98%8D%20%5BPREMIUM%20ECON%5D%20Europe%20under%20%24949%20%28Inc%20l%20Thanksgiving%20-%20Was%3A%20%241600%29&utm_campaign=Premium%3A%20Europe%20SAS%20Prem%20Econ%20sub%201000,"<b>Atlanta (ATL)</b>

Amsterdam (AMS) - $848
Bergen (BGO) - $747
Brussels (BRU) - $814
Copenhagen (CPH) - $747*
Gdansk (GDN) - $839
Gothenburg (GOT) - $746
Hamburg (HAM) - $923
Helsinki (HEL) - $747
London (LHR) - $848
Oslo (OSL) - $747
Stavanger (SVG) - $747
Stockholm (ARN) - $748
Vilnius (VNO) - $836


<b>Boston (BOS)</b>


<b>Chicago (ORD)</b>
Amsterdam (AMS) - $798
Bergen (BGO) - $697
Brussels (BRU) - $764
Copenhagen (CPH) - $697*
Gdansk (GDN) - $789 
Hamburg (HAM) - $873
Helsinki (HEL) - $697
London (LHR) - $848
Oslo (OSL) - $697
Stavanger (SVG) - $697
Stockholm (ARN) - $698
Vilnius (VNO) - $786
Warsaw (WAW) - $797
Amsterdam (AMS) - $798
Bergen (BGO) - $697
Brussels (BRU) - $764
Copenhagen (CPH) - $697*
Dublin (DUB) - $585
Gdansk (GDN) - $789
Gothenburg (GOT) - $696
Hamburg (HAM) - $873
Helsinki (HEL) - $697
London (LHR) - $848
Milan (MXP) - $797
Oslo (OSL) - $697
Stavanger (SVG) - $697
Stockholm (ARN) - $698
Vilnius (VNO) - $786
Warsaw (WAW) - $797

<b>Los Angeles (LAX)</b>

Amsterdam (AMS) - $898
Bergen (BGO) - $797
Brussels (BRU) - $864
Copenhagen (CPH) - $797*
Gdansk (GDN) - $889
Gothenburg (GOT) - $796
Hamburg (HAM) - $973
Helsinki (HEL) - $797
London (LHR) - $898
Oslo (OSL) - $797
Stavanger (SVG) - $797
Stockholm (ARN) - $798

<b>Miami (MIA)</b>

Amsterdam (AMS) - $848
Copenhagen (CPH) - $747*
Helsinki (HEL) - $738
Oslo (OSL) - $747
Stockholm (ARN) - $764

<b>New York (JFK)</b>

Amsterdam (AMS) - $798
Bergen (BGO) - $731
Brussels (BRU) - $764
Copenhagen (CPH) - $697*
Gdansk (GDN) - $789
Gothenburg (GOT) - $730
Hamburg (HAM) - $873
Helsinki (HEL) - $697
Manchester (MAN) - $849
Oslo (OSL) - $731
Paris (CDG) - $797
Stavanger (SVG) - $731
Stockholm (ARN) - $732
Vilnius (VNO) - $786


<b>Newark (EWR)</b>

Bergen (BGO) - $708
Copenhagen (CPH) - $697*
Gothenburg (GOT) - $710
Helsinki (HEL) - $678
Oslo (OSL) - $711
Stavanger (SVG) - $731
Stockholm (ARN) - $697*

<b>San Francisco (SFO)</b>

Amsterdam (AMS) - $948
Bergen (BGO) - $847
Brussels (BRU) - $914
Copenhagen (CPH) - $847*
Gdansk (GDN) - $939
Gothenburg (GOT) - $846
Helsinki (HEL) - $847
London (LHR) - $948
Oslo (OSL) - $847
Stavanger (SVG) - $847
Stockholm (ARN) - $848
Warsaw (WAW) - $947
Zurich (ZRH) - $947","Chicago (ORD), Atlanta (ATL), Boston (BOS), Los Angeles (LAX), Atlanta (ATL), Boston (BOS), Los Angeles (LAX), Atlanta (ATL), New York (JFK), Los Angeles (LAX), Atlanta (ATL), San Francisco (SFO), Newark (EWR), Atlanta (ATL), Chicago (ORD), Atlanta (ATL), Los Angeles (LAX), Boston (BOS), Boston (BOS), Newark (EWR), Atlanta (ATL), Boston (BOS), New York (JFK), Boston (BOS), Chicago (ORD), Boston (BOS), San Francisco (SFO), Los Angeles (LAX), New York (JFK), San Francisco (SFO), Atlanta (ATL), Chicago (ORD), Chicago (ORD), New York (JFK), San Francisco (SFO), Chicago (ORD), New York (JFK), Chicago (ORD), San Francisco (SFO), New York (JFK), Miami (MIA), Newark (EWR), Miami (MIA), San Francisco (SFO), New York (JFK), San Francisco (SFO), Boston (BOS), New York (JFK), Chicago (ORD), Boston (BOS), Atlanta (ATL), Los Angeles (LAX), San Francisco (SFO), San Francisco (SFO), Chicago (ORD), Chicago (ORD), Newark (EWR), New York (JFK), Newark (EWR), Miami (MIA), San Francisco (SFO), San Francisco (SFO), Los Angeles (LAX), Chicago (ORD), New York (JFK), Los Angeles (LAX), Newark (EWR), Chicago (ORD), New York (JFK), Atlanta (ATL), San Francisco (SFO), Los Angeles (LAX), Miami (MIA), Miami (MIA), New York (JFK), Chicago (ORD), Boston (BOS), Newark (EWR), Atlanta (ATL), Atlanta (ATL), Chicago (ORD), Boston (BOS), Boston (BOS), Los Angeles (LAX), Boston (BOS), San Francisco (SFO), New York (JFK), New York (JFK), Los Angeles (LAX), Chicago (ORD), Los Angeles (LAX), Chicago (ORD), Atlanta (ATL)","1. Click the Book with Google Flights button to open Google Flights. (Our how-to video)
 
2. Adjust the departure city to your home airport. 
 
3. Click the dates to open the calendar view to find the cheapest dates (lowest prices in green). Availability may vary depending on your home airport. 
4. Follow the links in Google Flights to book directly with the airline. 
 
For best availability from some cities, search for 8 or 9-day trips.","We're loving this big sale on Premium Economy fares to Europe! Flying SAS with availability this fall through winter, including Thanksgiving. 

These SAS PLUS fares include more legroom, a wider seat with more recline, a checked bag, lounge access, and bigger screens. Seat assignment starts at $45. 

The extra space, solid meal service (with real glass & silverware), and lounge access make this a great value! Check out our review of SAS Premium Economy.",1716217294502-unnamed.jpg,2024-05-25
21,4cd9edca-5867-4440-8a97-c05a2445204e,"[NONSTOP] Las Vegas, NV",Cash,ECONOMY,Under 199$,https://www.google.com/travel/flights/search?tfs=CBwQAhosEgoyMDI0LTA3LTE3KAA6AkY5OgJTWToCTktqBwgBEgNMQVhyBwgBEgNMQVMaLBIKMjAyNC0wNy0yNCgAOgJGOToCU1k6Ak5LagcIARIDTEFTcgcIARIDTEFYQAFIAWoEEAEYAHABggELCP___________wGYAQE&hl=en-US&gl=US&curr=USD&utm_source=ActiveCampaign&utm_medium=email&utm_content=%F0%9F%83%8F%20%5BNONSTOP%5D%20Las%20Vegas%2C%20NV%20under%20%24199%20%28Summer%20-%20Was%3A%20%24400%29&utm_campaign=PREMIUM%20-%20Nonstop%20Las%20Vegas%2C%20NV%20sub-200%20%28Domestic%29,"<b>Google Flights Fares:</b>

Austin (AUS) - $178*
Denver (DEN) - $194*
Detroit (DTW) - $196*
Los Angeles (LAX) - $90*
Minneapolis (MSP) - $138*
Phoenix (PHX) - $116*
Portland (PDX) - $176*
Sacramento (SMF) - $116*
Salt Lake City (SLC) - $116*
San Diego (SAN) - $116*
San Francisco (SFO) - $116*
Seattle (SEA) - $156*
Vancouver (YVR) - $152*

<b>Southwest Fares:</b>

Albuquerque (ABQ) - $188*
Austin (AUS) - $178*
Boise (BOI) - $198*
Burbank (BUR) - $116*
Denver (DEN) - $144*
Fresno (FAT) - $142*
Houston (HOU) - $196*
Houston (IAH) - $176*
Long Beach (LGB) - $77*
Los Angeles (LAX) - $90*
Minneapolis (MSP) - $139*
Oakland (OAK) - $136*
Ontario (ONT) - $116*
Palm Springs (PSP) - $168*
Phoenix (PHX) - $116*
Portland (PDX) - $176*
Reno (RNO) - $116*
Sacramento (SMF) - $116*
Salt Lake City (SLC) - $116*
San Diego (SAN) - $116*
San Francisco (SFO) - $136*
San Jose (SJC) - $116*
Santa Ana (SNA) - $194*
Santa Barbara (SBA) - $116*
Seattle (SEA) - $191*","Denver (DEN), Phoenix (PHX), Seattle (SEA), Burbank (BUR), Sacramento (SMF), Santa Barbara (SBA), San Diego (SAN), Minneapolis (MSP), Fresno (FAT), Los Angeles (LAX), Boise (BOI), Long Beach (LGB), San Jose (SJC), Santa Ana (SNA), Vancouver (YVR), Salt Lake City (SLC), Oakland (OAK), Reno (RNO), Austin (AUS), Houston (IAH), Salt Lake City (SLC), Portland (PDX), Houston (HOU), Austin (AUS), Portland (PDX), Albuquerque (ABQ), Sacramento (SMF), Phoenix (PHX), San Francisco (SFO), Seattle (SEA), Palm Springs (PSP), Ontario (ONT), Minneapolis (MSP), Los Angeles (LAX), San Francisco (SFO), San Diego (SAN), Detroit (DTW), Denver (DEN)","Booking with Google Flights
 
1. Click the button below to open Google Flights. (Our how-to video)
2. Adjust the departure city to your home airport.
3. Click the dates to open the calendar view to find the cheapest dates (lowest prices in green). Availability may vary depending on your home airport.4. Follow the links in Google Flights to book directly with the airline.
 
Booking with Southwest
 
1. Search and book Southwest fares directly through Southwest. 
2. Use their low-fare calendar to find the cheapest dates.","Here's your cheap flight to Vegas! Nonstop from all cities with the best availability through summer. Works in reverse if you live in Las Vegas.




Southwest allows two checked bags for free. There is no formal seat assignment: You'll board based on your check-in time, which starts 24 hours before departure.




United fares are Main Cabin and include a carry-on and seat assignment. Other fares are Basic Economy.",1716139810208-unnamed.jpg,2024-05-25
22,8e7fe70e-4aea-4016-b0a6-291bf62077cf,"Cancún, Mexico",Cash,ECONOMY,Under 399$,https://www.google.com/travel/flights/search?tfs=CBwQAhpIEgoyMDI0LTA4LTE0KAE6AlNZOgJOSzoCRjk6AkY4OgJXRzoCVkI6Alk0OgJHNDoCQU1qBwgBEgNERldyBwgBEgNDVU6QAYYDGkgSCjIwMjQtMDgtMjEoAToCU1k6Ak5LOgJGOToCRjg6AldHOgJWQjoCWTQ6Akc0OgJBTWoHCAESA0NVTnIHCAESA0RGV5ABhgNAAUgBagQQARgAcAGCAQsI____________AYgBAZgBAQ&tfu=EgIIASIDCgEw&hl=en-US&curr=USD&utm_source=ActiveCampaign&utm_medium=email&utm_content=%E2%98%80%EF%B8%8F%20Canc%C3%BAn%2C%20Mexico%20under%20%24399%20%28Summer%20%2F%20Winter%20-%20Was%3A%20%24600%29&utm_campaign=PREMIUM%20-%20Cancun%2C%20Mexico%20Sub%20400,"Aberdeen (ABR) - $384 
Abilene (ABI) - $373 
Albany (ALB) - $327
Albuquerque (ABQ) - $359
Allentown (ABE) - $323
Asheville (AVL) - $326
Atlanta (ATL) - $294* 
Augusta (AGS) - $384
Austin (AUS) - $280*
Bakersfield (BFL) - $354
Baltimore (BWI) - $390
Bangor (BGR) - $349
Baton Rouge (BTR) - $370
Billings (BIL) - $349
Birmingham (BHM) - $385
Bismarck (BIS) - $349
Boise (BOI) - $339
Boston (BOS) - $260*
Bozeman (BZN) - $339
Bristol (TRI) - $387
Buffalo (BUF) - $299
Burbank (BUR) - $359
Burlington (BTV) - $329
Calgary (YYC) - $352 
Charleston (CHS) - $357
Charleston (CRW) - $326
Charlotte (CLT) - $373*
Charlottesville (CHO) - $329
Chicago (ORD) - $284*
Cincinnati (CVG) - $386
Cleveland (CLE) - $336
Colorado Springs (COS) - $359
Columbia (CAE) - $384
Columbia (COU) - $373
Columbus (CMH) - $386
Corpus Christi (CRP) - $373
Dallas (DFW) - $234*
Daytona Beach (DAB) - $385
Denver (DEN) - $394*
Destin (VPS) - $382
Detroit (DTW) - $334*
El Paso (ELP) - $369
Eugene (EUG) - $339
Evansville (EVV) - $387
Fayetteville (FAY) - $341
Fayetteville (XNA) - $370
Fort Lauderdale (FLL) - $284* 
Fort Myers (RSW) - $384
Fresno (FAT) - $399
Gainesville (GNV) - $385
Grand Forks (GFK) - $349 
Grand Junction (GJT) - $359
Great Falls (GTF) - $349
Greensboro (GSO) - $337
Greenville (GSP) - $374
Gulfport (GPT) - $384
Harrisburg (MDT) - $336
Hartford (BDL) - $336
Houston (IAH) - $334* 
Huntsville (HSV) - $384
Indianapolis (IND) - $386
Jackson (JAN) - $384
Jacksonville (JAX) - $364
Kalispell (FCA) - $349
Kansas City (MCI) - $386
Key West (EYW) - $384
Knoxville (TYS) - $387
Lafayette (LFT) - $370
Las Vegas (LAS) - $364
Little Rock (LIT) - $370
Los Angeles (LAX) - $280*
Manchester–Boston (MHT) - $347 
McAllen (MFE) - $393
Medford (MFR) - $389 
Melbourne (MLB) - $394
Memphis (MEM) - $374
Miami (MIA) - $234*
Midland (MAF) - $383
Minneapolis (MSP) - $364* 
Missoula (MSO) - $349
Mobile (MOB) - $394
Monterey (MRY) - $369
Montreal (YUL) - $330
Montgomery (MGM) - $394
Montrose (MTJ) - $379
Myrtle Beach (MYR) - $326
Nashville (BNA) - $360*
New Orleans (MSY) - $372
New York (JFK) - $256*
Newark (EWR) - $306* 
Norfolk (ORF) - $337
Oklahoma City (OKC) - $380
Ontario (ONT) - $367
Orlando (MCO) - $378*
Palm Springs (PSP) - $359
Panama City (ECP) - $387
Pensacola (PNS) - $394
Philadelphia (PHL) - $256*
Phoenix (PHX) - $384*
Pittsburgh (PIT) - $396
Portland (PDX) - $347
Portland (PWM) - $336
Providence (PVD) - $336
Quebec City (YQB) - $339
Raleigh (RDU) - $394*
Redmond (RDM) - $389
Reno (RNO) - $359
Richmond (RIC) - $326
Roanoke (ROA) - $329
Rochester (ROC) - $326
Sacramento (SMF) - $359
San Antonio (SAT) - $363
San Diego (SAN) - $356
San Francisco (SFO) - $351 
San Jose (SJC) - $359
San Juan (SJU) - $327*
San Luis Obispo (SBP) - $369
Santa Ana (SNA) - $367
Santa Barbara (SBA) - $369
Santa Fe (SAF) - $364
Sarasota (SRQ) - $397
Savannah (SAV) - $394
Scranton (AVP) - $337
Shreveport (SHV) - $383
Spokane (GEG) - $349
Springfield (SGF) - $383
St. Louis (STL) - $396
Syracuse (SYR) - $339
Tallahassee (TLH) - $394
Tampa (TPA) - $338*
Toronto (YYZ) - $270* 
Tucson (TUS) - $369
Tulsa (TUL) - $380
Vancouver (YVR) - $387*
Waco (ACT) - $383
Washington, D.C. (DCA) - $390
Washington, D.C. (IAD) - $378
West Palm Beach (PBI) - $394
Westchester County (HPN) - $271
Wichita (ICT) - $373
Wichita Falls (SPS) - $373
Wilmington (ILM) - $341","Calgary (YYC), Lafayette (LFT), Westchester County (HPN), Fort Myers (RSW), Indianapolis (IND), Bangor (BGR), Miami (MIA), Eugene (EUG), Jacksonville (JAX), Midland (MAF), Roanoke (ROA), Nashville (BNA), Charlotte (CLT), Sacramento (SMF), Austin (AUS), Bismarck (BIS), Buffalo (BUF), Albuquerque (ABQ), Allentown (ABE), Wilmington (ILM), Boise (BOI), Oklahoma City (OKC), Wichita Falls (SPS), Little Rock (LIT), Spokane (GEG), Tucson (TUS), Ontario (ONT), Charleston (CRW), San Antonio (SAT), Dallas (DFW), Palm Springs (PSP), Asheville (AVL), Santa Barbara (SBA), Bakersfield (BFL), San Diego (SAN), Savannah (SAV), St. Louis (STL), Bristol (TRI), Billings (BIL), Aberdeen (ABR), Fresno (FAT), Gainesville (GNV), Los Angeles (LAX), Grand Forks (GFK), Rochester (ROC), Washington, D.C. (DCA), Columbia (CAE), Knoxville (TYS), Baton Rouge (BTR), Boston (BOS), Portland (PWM), Wichita (ICT), Norfolk (ORF), Destin (VPS), Pensacola (PNS), Daytona Beach (DAB), Montreal (YUL), Fayetteville (FAY), Burlington (BTV), Toronto (YYZ), El Paso (ELP), Syracuse (SYR), Sarasota (SRQ), Mobile (MOB), Denver (DEN), Evansville (EVV), San Juan (SJU), Charleston (CHS), Tulsa (TUL), Abilene (ABI), Memphis (MEM), Houston (IAH), Myrtle Beach (MYR), New Orleans (MSY), Missoula (MSO), Greenville (GSP), Grand Junction (GJT), Corpus Christi (CRP), Portland (PDX), New York (JFK), San Jose (SJC), Scranton (AVP), Cleveland (CLE), McAllen (MFE), Providence (PVD), Redmond (RDM), Columbia (COU), Charlottesville (CHO), Pittsburgh (PIT), Colorado Springs (COS), Bozeman (BZN), Montrose (MTJ), Las Vegas (LAS), Santa Fe (SAF), Atlanta (ATL), Melbourne (MLB), San Francisco (SFO), Manchester–Boston (MHT), Washington, D.C. (IAD), Albany (ALB), Panama City (ECP), Springfield (SGF), Chicago (ORD), Birmingham (BHM), Augusta (AGS), Reno (RNO), Philadelphia (PHL), Cincinnati (CVG), Hartford (BDL), Medford (MFR), Tallahassee (TLH), Montgomery (MGM), Shreveport (SHV), Minneapolis (MSP), Vancouver (YVR), Detroit (DTW), Great Falls (GTF), Santa Ana (SNA), Raleigh (RDU), Kansas City (MCI), Huntsville (HSV), Newark (EWR), Phoenix (PHX), Tampa (TPA), Burbank (BUR), Jackson (JAN), Quebec City (YQB), Harrisburg (MDT), Kalispell (FCA), Waco (ACT), San Luis Obispo (SBP), Baltimore (BWI), Orlando (MCO), Fayetteville (XNA), Key West (EYW), Richmond (RIC), Monterey (MRY), Greensboro (GSO), Columbus (CMH), West Palm Beach (PBI), Gulfport (GPT), Fort Lauderdale (FLL)","1. Click the button below to open Google Flights. (Our how-to video)
 
2. Adjust the departure city to your home airport.
 
3. Click the dates to open the calendar view to find the cheapest dates (lowest prices in green). Availability may vary depending on your home airport. 
4. Follow the links in Google Flights to book directly with the airline.
 
For best availability from some cities, search for 8 or 9-day trips.","Catch a cheap flight to Cancún using this big sale! Best availability this summer and winter. Nonstop from several cities.



JetBlue and United fares are Main Cabin and include a carry-on and seat selection. Delta fares from MSP are also Main Cabin. Other fares are Basic Economy.",1716139333228-unnamed.jpg,2024-05-25
23,b8b7cb43-3e0f-4d69-bd4e-8deb83873b66,"[NONSTOP] EWR to Marrakesh, Morocco",Cash,ECONOMY,For 686$,https://www.google.com/travel/flights/search?tfs=CBwQAhokEgoyMDI1LTAyLTA0KAAyAlVBagcIARIDRVdScgcIARIDUkFLGiQSCjIwMjUtMDItMTIoADICVUFqBwgBEgNSQUtyBwgBEgNFV1JAAUgBagQQARgAcAGCAQsI____________AZgBAQ&tfu=EgIIACIA&curr=USD&utm_source=ActiveCampaign&utm_medium=email&utm_content=%F0%9F%87%B2%F0%9F%87%A6%20%5BNONSTOP%5D%20EWR%20to%20Marrakesh%2C%20Morocco%20for%20%24686%20%28New%20Route%20%2F%20United%20-%20Was%3A%20%241300%29&utm_campaign=PREMIUM%20-%20EWR%20to%20Marrakech%2C%20Morocco%20%24686,Newark (EWR) - $686*,Newark (EWR),"1. Click the Book with Google Flights button to open Google Flights. (Our how-to video)
 
2. Adjust the departure city to your home airport.
 
3. Click the dates to open the calendar view to find the cheapest dates (lowest prices in green). Availability may vary depending on your home airport. 
4. Follow the links in Google Flights to book directly with the airline. 
 
Must search for 8 or 10-day trips for best availability.","Book this big price drop on United's new route from Newark to Marrakesh, Morocco! Best availability in November, January, and February. 




Fares are Basic Economy and include a carry-on. Upgrade to Main Cabin to get seat assignment, a free checked bag, and the ability to cancel for a voucher. ",1716035221655-unnamed.jpg,2024-05-25
24,5a4a4d95-01dc-463b-ab12-b1f4140cff13,"[NONSTOP] Seattle, WA",Cash,ECONOMY,Under 237$,https://www.google.com/travel/flights/search?tfs=CBwQAhowEgoyMDI0LTA2LTE4KAA6AkY5OgJHNDoCTks6AlNZagcIARIDUkRNcgcIARIDU0VBGjASCjIwMjQtMDYtMjUoADoCRjk6Akc0OgJOSzoCU1lqBwgBEgNTRUFyBwgBEgNSRE1AAUgBagQQARgAcAGCAQsI____________AYgBAZgBAQ&hl=en-US&gl=US&curr=USD&utm_source=ActiveCampaign&utm_medium=email&utm_content=%E2%98%95%20%5BNONSTOP%5D%20Seattle%2C%20WA%20under%20%24237%20%28Summer%20-%20Was%3A%20%24400%29&utm_campaign=PREMIUM%20-%20Nonstop%20Seattle%20sub-250,"Albuquerque (ABQ) - $216*
Boise (BOI) - $156*
Bozeman (BZN) - $176*
Burbank (BUR) - $216*
Chicago (ORD) - $148*
Denver (DEN) - $176*
Fresno (FAT) - $216*
Idaho Falls (IDA) - $176*
Kalispell (FCA) - $156*
Las Vegas (LAS) - $156*
Los Angeles (LAX) - $176*
Medford (MFR) - $176*
Minneapolis (MSP) - $216*
Missoula (MSO) - $156*
Oakland (OAK) - $156*
Ontario (ONT) - $156*
Palm Springs (PSP) - $236*
Phoenix (PHX) - $166*
Redding (RDD) - $166*
Redmond (RDM) - $136*
Reno (RNO) - $176*
Sacramento (SMF) - $168*
Salt Lake City (SLC) - $196*
San Antonio (SAT) - $196*
San Diego (SAN) - $196*
San Francisco (SFO) - $156*
San Jose (SJC) - $166*
Santa Ana (SNA) - $196*
Santa Barbara (SBA) - $236*","Boise (BOI), Salt Lake City (SLC), Albuquerque (ABQ), San Jose (SJC), Medford (MFR), Sacramento (SMF), Los Angeles (LAX), Palm Springs (PSP), Minneapolis (MSP), Chicago (ORD), Phoenix (PHX), Missoula (MSO), Oakland (OAK), Redding (RDD), Bozeman (BZN), Redmond (RDM), Fresno (FAT), Kalispell (FCA), Ontario (ONT), Las Vegas (LAS), Burbank (BUR), Santa Barbara (SBA), Santa Ana (SNA), San Francisco (SFO), Denver (DEN), San Antonio (SAT), Reno (RNO), Idaho Falls (IDA), San Diego (SAN)","1. Click the Book with Google Flights button to open Google Flights. (Our how-to video)
 
2. Adjust the departure city to your home airport.
 
3. Click the dates to open the calendar view to find the cheapest dates (lowest prices in green). Availability may vary depending on your home airport.
4. Follow the links in Google Flights to book directly with the airline.","Enjoy a summer vacation in the Pacific Northwest! Best availability through August. Nonstop from all cities. Deals work in reverse if you live in Seattle.




Fares are Basic Economy and include a carry-on. Upgrade to Main Cabin to get a seat assignment and the ability to cancel for a voucher.",1716033945912-unnamed.jpg,2024-05-25
